-- MySQL dump 10.13  Distrib 8.0.23, for Linux (x86_64)
--
-- Host: localhost    Database: vec_data
-- ------------------------------------------------------
-- Server version	8.0.23-0ubuntu0.20.04.1

/*!40101 SET @OLD_CHARACTER_SET_CLIENT=@@CHARACTER_SET_CLIENT */;
/*!40101 SET @OLD_CHARACTER_SET_RESULTS=@@CHARACTER_SET_RESULTS */;
/*!40101 SET @OLD_COLLATION_CONNECTION=@@COLLATION_CONNECTION */;
/*!50503 SET NAMES utf8mb4 */;
/*!40103 SET @OLD_TIME_ZONE=@@TIME_ZONE */;
/*!40103 SET TIME_ZONE='+00:00' */;
/*!40014 SET @OLD_UNIQUE_CHECKS=@@UNIQUE_CHECKS, UNIQUE_CHECKS=0 */;
/*!40014 SET @OLD_FOREIGN_KEY_CHECKS=@@FOREIGN_KEY_CHECKS, FOREIGN_KEY_CHECKS=0 */;
/*!40101 SET @OLD_SQL_MODE=@@SQL_MODE, SQL_MODE='NO_AUTO_VALUE_ON_ZERO' */;
/*!40111 SET @OLD_SQL_NOTES=@@SQL_NOTES, SQL_NOTES=0 */;

--
-- Table structure for table `auth_group`
--

DROP TABLE IF EXISTS `auth_group`;
/*!40101 SET @saved_cs_client     = @@character_set_client */;
/*!50503 SET character_set_client = utf8mb4 */;
CREATE TABLE `auth_group` (
  `id` int NOT NULL AUTO_INCREMENT,
  `name` varchar(150) NOT NULL,
  PRIMARY KEY (`id`),
  UNIQUE KEY `name` (`name`)
) ENGINE=InnoDB DEFAULT CHARSET=utf8;
/*!40101 SET character_set_client = @saved_cs_client */;

--
-- Dumping data for table `auth_group`
--

LOCK TABLES `auth_group` WRITE;
/*!40000 ALTER TABLE `auth_group` DISABLE KEYS */;
/*!40000 ALTER TABLE `auth_group` ENABLE KEYS */;
UNLOCK TABLES;

--
-- Table structure for table `auth_group_permissions`
--

DROP TABLE IF EXISTS `auth_group_permissions`;
/*!40101 SET @saved_cs_client     = @@character_set_client */;
/*!50503 SET character_set_client = utf8mb4 */;
CREATE TABLE `auth_group_permissions` (
  `id` int NOT NULL AUTO_INCREMENT,
  `group_id` int NOT NULL,
  `permission_id` int NOT NULL,
  PRIMARY KEY (`id`),
  UNIQUE KEY `auth_group_permissions_group_id_permission_id_0cd325b0_uniq` (`group_id`,`permission_id`),
  KEY `auth_group_permissio_permission_id_84c5c92e_fk_auth_perm` (`permission_id`),
  CONSTRAINT `auth_group_permissio_permission_id_84c5c92e_fk_auth_perm` FOREIGN KEY (`permission_id`) REFERENCES `auth_permission` (`id`),
  CONSTRAINT `auth_group_permissions_group_id_b120cbf9_fk_auth_group_id` FOREIGN KEY (`group_id`) REFERENCES `auth_group` (`id`)
) ENGINE=InnoDB DEFAULT CHARSET=utf8;
/*!40101 SET character_set_client = @saved_cs_client */;

--
-- Dumping data for table `auth_group_permissions`
--

LOCK TABLES `auth_group_permissions` WRITE;
/*!40000 ALTER TABLE `auth_group_permissions` DISABLE KEYS */;
/*!40000 ALTER TABLE `auth_group_permissions` ENABLE KEYS */;
UNLOCK TABLES;

--
-- Table structure for table `auth_permission`
--

DROP TABLE IF EXISTS `auth_permission`;
/*!40101 SET @saved_cs_client     = @@character_set_client */;
/*!50503 SET character_set_client = utf8mb4 */;
CREATE TABLE `auth_permission` (
  `id` int NOT NULL AUTO_INCREMENT,
  `name` varchar(255) NOT NULL,
  `content_type_id` int NOT NULL,
  `codename` varchar(100) NOT NULL,
  PRIMARY KEY (`id`),
  UNIQUE KEY `auth_permission_content_type_id_codename_01ab375a_uniq` (`content_type_id`,`codename`),
  CONSTRAINT `auth_permission_content_type_id_2f476e4b_fk_django_co` FOREIGN KEY (`content_type_id`) REFERENCES `django_content_type` (`id`)
) ENGINE=InnoDB AUTO_INCREMENT=81 DEFAULT CHARSET=utf8;
/*!40101 SET character_set_client = @saved_cs_client */;

--
-- Dumping data for table `auth_permission`
--

LOCK TABLES `auth_permission` WRITE;
/*!40000 ALTER TABLE `auth_permission` DISABLE KEYS */;
INSERT INTO `auth_permission` VALUES (1,'Can add log entry',1,'add_logentry'),(2,'Can change log entry',1,'change_logentry'),(3,'Can delete log entry',1,'delete_logentry'),(4,'Can view log entry',1,'view_logentry'),(5,'Can add permission',2,'add_permission'),(6,'Can change permission',2,'change_permission'),(7,'Can delete permission',2,'delete_permission'),(8,'Can view permission',2,'view_permission'),(9,'Can add group',3,'add_group'),(10,'Can change group',3,'change_group'),(11,'Can delete group',3,'delete_group'),(12,'Can view group',3,'view_group'),(13,'Can add content type',4,'add_contenttype'),(14,'Can change content type',4,'change_contenttype'),(15,'Can delete content type',4,'delete_contenttype'),(16,'Can view content type',4,'view_contenttype'),(17,'Can add session',5,'add_session'),(18,'Can change session',5,'change_session'),(19,'Can delete session',5,'delete_session'),(20,'Can view session',5,'view_session'),(21,'Can add –ì—Ä—É–ø–ø–∞',6,'add_modelownergroups'),(22,'Can change –ì—Ä—É–ø–ø–∞',6,'change_modelownergroups'),(23,'Can delete –ì—Ä—É–ø–ø–∞',6,'delete_modelownergroups'),(24,'Can view –ì—Ä—É–ø–ø–∞',6,'view_modelownergroups'),(25,'Can add –õ–∏–Ω–∏—è',7,'add_modelownerlines'),(26,'Can change –õ–∏–Ω–∏—è',7,'change_modelownerlines'),(27,'Can delete –õ–∏–Ω–∏—è',7,'delete_modelownerlines'),(28,'Can view –õ–∏–Ω–∏—è',7,'view_modelownerlines'),(29,'Can add –†–µ–≥–∏–æ–Ω',8,'add_modelownerregions'),(30,'Can change –†–µ–≥–∏–æ–Ω',8,'change_modelownerregions'),(31,'Can delete –†–µ–≥–∏–æ–Ω',8,'delete_modelownerregions'),(32,'Can view –†–µ–≥–∏–æ–Ω',8,'view_modelownerregions'),(33,'Can add user',9,'add_modelcustomuser'),(34,'Can change user',9,'change_modelcustomuser'),(35,'Can delete user',9,'delete_modelcustomuser'),(36,'Can view user',9,'view_modelcustomuser'),(37,'Can add model owner line',10,'add_modelownerline'),(38,'Can change model owner line',10,'change_modelownerline'),(39,'Can delete model owner line',10,'delete_modelownerline'),(40,'Can view model owner line',10,'view_modelownerline'),(41,'Can add –°–∫—Ä–∏–ø—Ç',11,'add_modelscript'),(42,'Can change –°–∫—Ä–∏–ø—Ç',11,'change_modelscript'),(43,'Can delete –°–∫—Ä–∏–ø—Ç',11,'delete_modelscript'),(44,'Can view –°–∫—Ä–∏–ø—Ç',11,'view_modelscript'),(45,'Can add –ö–ª–∞—Å—Å–∏—Ñ–∏–∫–∞—Ç–æ—Ä',12,'add_modelkey'),(46,'Can change –ö–ª–∞—Å—Å–∏—Ñ–∏–∫–∞—Ç–æ—Ä',12,'change_modelkey'),(47,'Can delete –ö–ª–∞—Å—Å–∏—Ñ–∏–∫–∞—Ç–æ—Ä',12,'delete_modelkey'),(48,'Can view –ö–ª–∞—Å—Å–∏—Ñ–∏–∫–∞—Ç–æ—Ä',12,'view_modelkey'),(49,'Can add –°–ø–∏—Å–æ–∫',13,'add_modellist'),(50,'Can change –°–ø–∏—Å–æ–∫',13,'change_modellist'),(51,'Can delete –°–ø–∏—Å–æ–∫',13,'delete_modellist'),(52,'Can view –°–ø–∏—Å–æ–∫',13,'view_modellist'),(53,'Can add –ü–æ–ª–µ —Å–ø–∏—Å–∫–∞',14,'add_modellistdop'),(54,'Can change –ü–æ–ª–µ —Å–ø–∏—Å–∫–∞',14,'change_modellistdop'),(55,'Can delete –ü–æ–ª–µ —Å–ø–∏—Å–∫–∞',14,'delete_modellistdop'),(56,'Can view –ü–æ–ª–µ —Å–ø–∏—Å–∫–∞',14,'view_modellistdop'),(57,'Can add –û–±—ä–µ–∫—Ç',15,'add_modelobject'),(58,'Can change –û–±—ä–µ–∫—Ç',15,'change_modelobject'),(59,'Can delete –û–±—ä–µ–∫—Ç',15,'delete_modelobject'),(60,'Can view –û–±—ä–µ–∫—Ç',15,'view_modelobject'),(61,'Can add group',16,'add_group'),(62,'Can change group',16,'change_group'),(63,'Can delete group',16,'delete_group'),(64,'Can view group',16,'view_group'),(65,'Can add push information',17,'add_pushinformation'),(66,'Can change push information',17,'change_pushinformation'),(67,'Can delete push information',17,'delete_pushinformation'),(68,'Can view push information',17,'view_pushinformation'),(69,'Can add subscription info',18,'add_subscriptioninfo'),(70,'Can change subscription info',18,'change_subscriptioninfo'),(71,'Can delete subscription info',18,'delete_subscriptioninfo'),(72,'Can view subscription info',18,'view_subscriptioninfo'),(73,'Can add –§–∞–π–ª',20,'add_modelofficialdocument'),(74,'Can change –§–∞–π–ª',20,'change_modelofficialdocument'),(75,'Can delete –§–∞–π–ª',20,'delete_modelofficialdocument'),(76,'Can view –§–∞–π–ª',20,'view_modelofficialdocument'),(77,'Can add –£–≤–µ–¥–æ–º–ª–µ–Ω–∏–µ',19,'add_modelnotification'),(78,'Can change –£–≤–µ–¥–æ–º–ª–µ–Ω–∏–µ',19,'change_modelnotification'),(79,'Can delete –£–≤–µ–¥–æ–º–ª–µ–Ω–∏–µ',19,'delete_modelnotification'),(80,'Can view –£–≤–µ–¥–æ–º–ª–µ–Ω–∏–µ',19,'view_modelnotification');
/*!40000 ALTER TABLE `auth_permission` ENABLE KEYS */;
UNLOCK TABLES;

--
-- Table structure for table `authentication_modelcustomuser`
--

DROP TABLE IF EXISTS `authentication_modelcustomuser`;
/*!40101 SET @saved_cs_client     = @@character_set_client */;
/*!50503 SET character_set_client = utf8mb4 */;
CREATE TABLE `authentication_modelcustomuser` (
  `id` int NOT NULL AUTO_INCREMENT,
  `password` varchar(128) NOT NULL,
  `last_login` datetime(6) DEFAULT NULL,
  `is_superuser` tinyint(1) NOT NULL,
  `username` varchar(150) NOT NULL,
  `first_name` varchar(150) NOT NULL,
  `last_name` varchar(150) NOT NULL,
  `is_staff` tinyint(1) NOT NULL,
  `is_active` tinyint(1) NOT NULL,
  `owner_groups_id` int DEFAULT NULL,
  PRIMARY KEY (`id`),
  UNIQUE KEY `username` (`username`)
) ENGINE=InnoDB AUTO_INCREMENT=3 DEFAULT CHARSET=utf8;
/*!40101 SET character_set_client = @saved_cs_client */;

--
-- Dumping data for table `authentication_modelcustomuser`
--

LOCK TABLES `authentication_modelcustomuser` WRITE;
/*!40000 ALTER TABLE `authentication_modelcustomuser` DISABLE KEYS */;
INSERT INTO `authentication_modelcustomuser` VALUES (1,'pbkdf2_sha256$260000$sL7vWvWbW45Y2KbyGY8I05$Q4pi7xCNFuLbzCoXNn6D9LzPsiB+BqiQanNekE0GLIo=','2021-04-28 07:01:16.101359',1,'pushkin','–ú–∞–∫—Å–∏–º','–ë—É—Ä–µ–Ω—å',1,1,1),(2,'pbkdf2_sha256$216000$HsYAoFjAkup3$Wmcg7bEFWO1TkkRwXkg0F5KHLF/WFbS9/ZF3+ZHoIKc=','2021-04-16 09:45:48.465221',0,'evgestrogan','–ö–∏—Ä–∏–ª–ª','–°—Ç–∞—Å—é–∫',1,1,23);
/*!40000 ALTER TABLE `authentication_modelcustomuser` ENABLE KEYS */;
UNLOCK TABLES;

--
-- Table structure for table `authentication_modelcustomuser_groups`
--

DROP TABLE IF EXISTS `authentication_modelcustomuser_groups`;
/*!40101 SET @saved_cs_client     = @@character_set_client */;
/*!50503 SET character_set_client = utf8mb4 */;
CREATE TABLE `authentication_modelcustomuser_groups` (
  `id` int NOT NULL AUTO_INCREMENT,
  `modelcustomuser_id` int NOT NULL,
  `group_id` int NOT NULL,
  PRIMARY KEY (`id`)
) ENGINE=InnoDB DEFAULT CHARSET=utf8;
/*!40101 SET character_set_client = @saved_cs_client */;

--
-- Dumping data for table `authentication_modelcustomuser_groups`
--

LOCK TABLES `authentication_modelcustomuser_groups` WRITE;
/*!40000 ALTER TABLE `authentication_modelcustomuser_groups` DISABLE KEYS */;
/*!40000 ALTER TABLE `authentication_modelcustomuser_groups` ENABLE KEYS */;
UNLOCK TABLES;

--
-- Table structure for table `authentication_modelcustomuser_user_permissions`
--

DROP TABLE IF EXISTS `authentication_modelcustomuser_user_permissions`;
/*!40101 SET @saved_cs_client     = @@character_set_client */;
/*!50503 SET character_set_client = utf8mb4 */;
CREATE TABLE `authentication_modelcustomuser_user_permissions` (
  `id` int NOT NULL AUTO_INCREMENT,
  `modelcustomuser_id` int NOT NULL,
  `permission_id` int NOT NULL,
  PRIMARY KEY (`id`)
) ENGINE=InnoDB DEFAULT CHARSET=utf8;
/*!40101 SET character_set_client = @saved_cs_client */;

--
-- Dumping data for table `authentication_modelcustomuser_user_permissions`
--

LOCK TABLES `authentication_modelcustomuser_user_permissions` WRITE;
/*!40000 ALTER TABLE `authentication_modelcustomuser_user_permissions` DISABLE KEYS */;
/*!40000 ALTER TABLE `authentication_modelcustomuser_user_permissions` ENABLE KEYS */;
UNLOCK TABLES;

--
-- Table structure for table `django_admin_log`
--

DROP TABLE IF EXISTS `django_admin_log`;
/*!40101 SET @saved_cs_client     = @@character_set_client */;
/*!50503 SET character_set_client = utf8mb4 */;
CREATE TABLE `django_admin_log` (
  `id` int NOT NULL AUTO_INCREMENT,
  `action_time` datetime(6) NOT NULL,
  `object_id` longtext,
  `object_repr` varchar(200) NOT NULL,
  `action_flag` smallint unsigned NOT NULL,
  `change_message` longtext NOT NULL,
  `content_type_id` int DEFAULT NULL,
  `user_id` int NOT NULL,
  PRIMARY KEY (`id`),
  KEY `django_admin_log_content_type_id_c4bce8eb_fk_django_co` (`content_type_id`),
  KEY `django_admin_log_user_id_c564eba6_fk_authentic` (`user_id`),
  CONSTRAINT `django_admin_log_content_type_id_c4bce8eb_fk_django_co` FOREIGN KEY (`content_type_id`) REFERENCES `django_content_type` (`id`),
  CONSTRAINT `django_admin_log_user_id_c564eba6_fk_authentic` FOREIGN KEY (`user_id`) REFERENCES `authentication_modelcustomuser` (`id`),
  CONSTRAINT `django_admin_log_chk_1` CHECK ((`action_flag` >= 0))
) ENGINE=InnoDB AUTO_INCREMENT=75 DEFAULT CHARSET=utf8;
/*!40101 SET character_set_client = @saved_cs_client */;

--
-- Dumping data for table `django_admin_log`
--

LOCK TABLES `django_admin_log` WRITE;
/*!40000 ALTER TABLE `django_admin_log` DISABLE KEYS */;
INSERT INTO `django_admin_log` VALUES (1,'2021-04-16 09:31:57.341869','1','pushkin',2,'[{\"changed\": {\"fields\": [\"\\u0413\\u0440\\u0443\\u043f\\u043f\\u0430 \\u0434\\u043e\\u0441\\u0442\\u0443\\u043f\\u0430\"]}}]',9,1),(2,'2021-04-16 09:36:40.343980','2','evgestrogan',1,'[{\"added\": {}}]',9,1),(3,'2021-04-16 09:37:19.310153','2','evgestrogan',2,'[{\"changed\": {\"fields\": [\"First name\", \"Last name\", \"Staff status\", \"\\u0413\\u0440\\u0443\\u043f\\u043f\\u0430 \\u0434\\u043e\\u0441\\u0442\\u0443\\u043f\\u0430\"]}}]',9,1),(4,'2021-04-16 12:34:31.762091','2','evgestrogan',2,'[{\"changed\": {\"fields\": [\"\\u0413\\u0440\\u0443\\u043f\\u043f\\u0430 \\u0434\\u043e\\u0441\\u0442\\u0443\\u043f\\u0430\"]}}]',9,1),(5,'2021-04-21 08:53:09.040562','35','information',1,'[{\"added\": {}}]',19,1),(6,'2021-04-21 08:55:54.279974','35','information',2,'[]',19,1),(7,'2021-04-21 08:56:12.440275','35','information',2,'[]',19,1),(8,'2021-04-21 08:56:27.923759','36','information',1,'[{\"added\": {}}]',19,1),(9,'2021-04-21 08:56:56.010317','37','information',1,'[{\"added\": {}}]',19,1),(10,'2021-04-21 09:04:09.084482','37','information',2,'[]',19,1),(11,'2021-04-21 09:44:26.679384','37','information',2,'[]',19,1),(12,'2021-04-21 09:48:58.450274','40','warning',1,'[{\"added\": {}}]',19,1),(13,'2021-04-21 09:49:40.765615','42','information',1,'[{\"added\": {}}]',19,1),(14,'2021-04-21 10:38:59.886850','43','information',1,'[{\"added\": {}}]',19,1),(15,'2021-04-21 10:39:14.282192','43','information',3,'',19,1),(16,'2021-04-21 10:39:14.289657','42','information',3,'',19,1),(17,'2021-04-21 10:39:14.292264','40','warning',3,'',19,1),(18,'2021-04-21 10:39:14.293715','37','information',3,'',19,1),(19,'2021-04-21 10:39:14.295331','36','information',3,'',19,1),(20,'2021-04-21 10:39:14.296474','35','information',3,'',19,1),(21,'2021-04-21 11:12:17.104002','44','warning',1,'[{\"added\": {}}]',19,1),(22,'2021-04-21 11:12:40.240087','45','information',1,'[{\"added\": {}}]',19,1),(23,'2021-04-21 11:52:58.908589','46','information',1,'[{\"added\": {}}]',19,1),(24,'2021-04-21 12:24:25.970065','51','information',1,'[{\"added\": {}}]',19,1),(25,'2021-04-21 12:28:42.647062','52','information',1,'[{\"added\": {}}]',19,1),(26,'2021-04-21 12:29:17.069171','52','information',3,'',19,1),(27,'2021-04-21 12:29:17.077393','51','information',3,'',19,1),(28,'2021-04-21 12:29:17.080202','46','information',3,'',19,1),(29,'2021-04-21 12:29:17.082542','45','information',3,'',19,1),(30,'2021-04-21 12:29:17.085607','44','warning',3,'',19,1),(31,'2021-04-21 12:29:32.450828','53','information',1,'[{\"added\": {}}]',19,1),(32,'2021-04-21 12:29:45.229358','54','warning',1,'[{\"added\": {}}]',19,1),(33,'2021-04-21 14:19:27.779135','55','error',1,'[{\"added\": {}}]',19,1),(34,'2021-04-21 14:19:40.195072','56','information',1,'[{\"added\": {}}]',19,1),(35,'2021-04-21 14:21:58.342981','55','error',3,'',19,1),(36,'2021-04-21 14:24:08.886191','57','error',1,'[{\"added\": {}}]',19,1),(37,'2021-04-26 09:38:54.382977','None','–ø–∞–ø–∫–∞ –æ—Ç—á–µ—Ç–æ–≤',1,'[{\"added\": {}}]',11,1),(38,'2021-04-26 11:43:57.545410','None','—Ç–µ—Å—Ç–æ–≤—ã–π –æ—Ç—á–µ—Ç',1,'[{\"added\": {}}]',11,1),(39,'2021-04-26 11:46:26.504809','40','—Ç–µ—Å—Ç–æ–≤—ã–π –æ—Ç—á–µ—Ç',2,'[]',11,1),(40,'2021-04-26 11:47:17.927593','40','—Ç–µ—Å—Ç–æ–≤—ã–π –æ—Ç—á–µ—Ç',2,'[{\"changed\": {\"fields\": [\"\\u041f\\u0435\\u0440\\u0435\\u043c\\u0435\\u043d\\u043d\\u044b\\u0435\"]}}]',11,1),(41,'2021-04-26 12:27:49.913100','40','—Ç–µ—Å—Ç–æ–≤—ã–π –æ—Ç—á–µ—Ç',2,'[]',11,1),(42,'2021-04-26 12:28:58.822015','40','—Ç–µ—Å—Ç–æ–≤—ã–π –æ—Ç—á–µ—Ç',2,'[]',11,1),(43,'2021-04-26 12:29:30.526260','40','—Ç–µ—Å—Ç–æ–≤—ã–π –æ—Ç—á–µ—Ç',2,'[]',11,1),(44,'2021-04-26 12:29:51.006803','40','—Ç–µ—Å—Ç–æ–≤—ã–π –æ—Ç—á–µ—Ç',2,'[]',11,1),(45,'2021-04-26 12:31:02.438862','40','—Ç–µ—Å—Ç–æ–≤—ã–π –æ—Ç—á–µ—Ç',2,'[]',11,1),(46,'2021-04-26 12:31:23.185645','40','—Ç–µ—Å—Ç–æ–≤—ã–π –æ—Ç—á–µ—Ç',2,'[]',11,1),(47,'2021-04-26 12:32:42.931298','40','—Ç–µ—Å—Ç–æ–≤—ã–π –æ—Ç—á–µ—Ç',2,'[{\"changed\": {\"fields\": [\"\\u0422\\u0435\\u043a\\u0441\\u0442 \\u0441\\u043a\\u0440\\u0438\\u043f\\u0442\\u0430\"]}}]',11,1),(48,'2021-04-26 12:35:26.624998','40','—Ç–µ—Å—Ç–æ–≤—ã–π –æ—Ç—á–µ—Ç',2,'[]',11,1),(49,'2021-04-26 12:40:57.663386','40','—Ç–µ—Å—Ç–æ–≤—ã–π –æ—Ç—á–µ—Ç',2,'[{\"changed\": {\"fields\": [\"\\u0422\\u0435\\u043a\\u0441\\u0442 \\u0441\\u043a\\u0440\\u0438\\u043f\\u0442\\u0430\"]}}]',11,1),(50,'2021-04-26 12:42:38.327962','40','—Ç–µ—Å—Ç–æ–≤—ã–π –æ—Ç—á–µ—Ç',2,'[{\"changed\": {\"fields\": [\"\\u0422\\u0435\\u043a\\u0441\\u0442 \\u0441\\u043a\\u0440\\u0438\\u043f\\u0442\\u0430\"]}}]',11,1),(51,'2021-04-26 12:47:24.030604','40','—Ç–µ—Å—Ç–æ–≤—ã–π –æ—Ç—á–µ—Ç',2,'[]',11,1),(52,'2021-04-26 12:48:24.105497','40','—Ç–µ—Å—Ç–æ–≤—ã–π –æ—Ç—á–µ—Ç',2,'[]',11,1),(53,'2021-04-26 12:48:57.069178','40','—Ç–µ—Å—Ç–æ–≤—ã–π –æ—Ç—á–µ—Ç',2,'[]',11,1),(54,'2021-04-27 06:04:17.611353','40','—Ç–µ—Å—Ç–æ–≤—ã–π –æ—Ç—á–µ—Ç',2,'[]',11,1),(55,'2021-04-27 06:17:45.217357','40','—Ç–µ—Å—Ç–æ–≤—ã–π –æ—Ç—á–µ—Ç',2,'[]',11,1),(56,'2021-04-27 06:18:53.770875','40','—Ç–µ—Å—Ç–æ–≤—ã–π –æ—Ç—á–µ—Ç',2,'[]',11,1),(57,'2021-04-27 06:25:41.573152','40','—Ç–µ—Å—Ç–æ–≤—ã–π –æ—Ç—á–µ—Ç',2,'[{\"changed\": {\"fields\": [\"\\u0422\\u0435\\u043a\\u0441\\u0442 \\u0441\\u043a\\u0440\\u0438\\u043f\\u0442\\u0430\"]}}]',11,1),(58,'2021-04-27 06:27:00.790764','40','—Ç–µ—Å—Ç–æ–≤—ã–π –æ—Ç—á–µ—Ç',2,'[{\"changed\": {\"fields\": [\"\\u0422\\u0435\\u043a\\u0441\\u0442 \\u0441\\u043a\\u0440\\u0438\\u043f\\u0442\\u0430\"]}}]',11,1),(59,'2021-04-27 06:29:53.518909','40','—Ç–µ—Å—Ç–æ–≤—ã–π –æ—Ç—á–µ—Ç',2,'[{\"changed\": {\"fields\": [\"\\u0422\\u0435\\u043a\\u0441\\u0442 \\u0441\\u043a\\u0440\\u0438\\u043f\\u0442\\u0430\"]}}]',11,1),(60,'2021-04-27 06:30:16.112750','40','—Ç–µ—Å—Ç–æ–≤—ã–π –æ—Ç—á–µ—Ç',2,'[]',11,1),(61,'2021-04-27 06:33:59.505725','40','—Ç–µ—Å—Ç–æ–≤—ã–π –æ—Ç—á–µ—Ç',2,'[{\"changed\": {\"fields\": [\"\\u0422\\u0435\\u043a\\u0441\\u0442 \\u0441\\u043a\\u0440\\u0438\\u043f\\u0442\\u0430\"]}}]',11,1),(62,'2021-04-27 06:34:23.464583','40','—Ç–µ—Å—Ç–æ–≤—ã–π –æ—Ç—á–µ—Ç',2,'[]',11,1),(63,'2021-04-27 06:40:08.689110','None','–ø–æ–ª—É—á–∏—Ç—å geojson',1,'[{\"added\": {}}]',11,1),(64,'2021-04-27 09:23:22.627780','50012','–ù–æ–º–µ—Ä –ø–æ–µ–∑–¥–∞, —Ä–µ–π—Å–∞ —Å–∞–º–æ–ª–µ—Ç–∞, –∞–≤—Ç–æ–±—É—Å–∞',2,'[]',12,1),(65,'2021-04-28 07:19:48.523355','90','information',3,'',19,1),(66,'2021-04-28 07:19:48.527819','89','information',3,'',19,1),(67,'2021-04-28 07:19:48.529638','88','information',3,'',19,1),(68,'2021-04-28 07:19:48.530820','87','information',3,'',19,1),(69,'2021-04-28 07:19:48.532572','86','information',3,'',19,1),(70,'2021-04-28 07:19:48.533668','85','information',3,'',19,1),(71,'2021-04-28 07:19:48.535353','84','information',3,'',19,1),(72,'2021-04-28 07:19:48.536971','59','information',3,'',19,1),(73,'2021-04-28 08:11:20.152707','40','—Ç–µ—Å—Ç–æ–≤—ã–π –æ—Ç—á–µ—Ç',2,'[]',11,1),(74,'2021-04-28 08:11:49.436929','40','—Ç–µ—Å—Ç–æ–≤—ã–π –æ—Ç—á–µ—Ç',2,'[]',11,1);
/*!40000 ALTER TABLE `django_admin_log` ENABLE KEYS */;
UNLOCK TABLES;

--
-- Table structure for table `django_content_type`
--

DROP TABLE IF EXISTS `django_content_type`;
/*!40101 SET @saved_cs_client     = @@character_set_client */;
/*!50503 SET character_set_client = utf8mb4 */;
CREATE TABLE `django_content_type` (
  `id` int NOT NULL AUTO_INCREMENT,
  `app_label` varchar(100) NOT NULL,
  `model` varchar(100) NOT NULL,
  PRIMARY KEY (`id`),
  UNIQUE KEY `django_content_type_app_label_model_76bd3d3b_uniq` (`app_label`,`model`)
) ENGINE=InnoDB AUTO_INCREMENT=21 DEFAULT CHARSET=utf8;
/*!40101 SET character_set_client = @saved_cs_client */;

--
-- Dumping data for table `django_content_type`
--

LOCK TABLES `django_content_type` WRITE;
/*!40000 ALTER TABLE `django_content_type` DISABLE KEYS */;
INSERT INTO `django_content_type` VALUES (1,'admin','logentry'),(3,'auth','group'),(2,'auth','permission'),(9,'authentication','modelcustomuser'),(6,'authentication','modelownergroups'),(7,'authentication','modelownerlines'),(8,'authentication','modelownerregions'),(12,'classifier','modelkey'),(13,'classifier','modellist'),(14,'classifier','modellistdop'),(15,'classifier','modelobject'),(4,'contenttypes','contenttype'),(19,'notifications','modelnotification'),(20,'official_documents','modelofficialdocument'),(10,'script','modelownerline'),(11,'script','modelscript'),(5,'sessions','session'),(16,'webpush','group'),(17,'webpush','pushinformation'),(18,'webpush','subscriptioninfo');
/*!40000 ALTER TABLE `django_content_type` ENABLE KEYS */;
UNLOCK TABLES;

--
-- Table structure for table `django_migrations`
--

DROP TABLE IF EXISTS `django_migrations`;
/*!40101 SET @saved_cs_client     = @@character_set_client */;
/*!50503 SET character_set_client = utf8mb4 */;
CREATE TABLE `django_migrations` (
  `id` int NOT NULL AUTO_INCREMENT,
  `app` varchar(255) NOT NULL,
  `name` varchar(255) NOT NULL,
  `applied` datetime(6) NOT NULL,
  PRIMARY KEY (`id`)
) ENGINE=InnoDB AUTO_INCREMENT=27 DEFAULT CHARSET=utf8;
/*!40101 SET character_set_client = @saved_cs_client */;

--
-- Dumping data for table `django_migrations`
--

LOCK TABLES `django_migrations` WRITE;
/*!40000 ALTER TABLE `django_migrations` DISABLE KEYS */;
INSERT INTO `django_migrations` VALUES (1,'contenttypes','0001_initial','2021-04-16 09:22:18.033414'),(2,'contenttypes','0002_remove_content_type_name','2021-04-16 09:22:18.471231'),(3,'auth','0001_initial','2021-04-16 09:22:18.514971'),(4,'auth','0002_alter_permission_name_max_length','2021-04-16 09:22:18.623022'),(5,'auth','0003_alter_user_email_max_length','2021-04-16 09:22:18.627916'),(6,'auth','0004_alter_user_username_opts','2021-04-16 09:22:18.632945'),(7,'auth','0005_alter_user_last_login_null','2021-04-16 09:22:18.638923'),(8,'auth','0006_require_contenttypes_0002','2021-04-16 09:22:18.642937'),(9,'auth','0007_alter_validators_add_error_messages','2021-04-16 09:22:18.648847'),(10,'auth','0008_alter_user_username_max_length','2021-04-16 09:22:18.655045'),(11,'auth','0009_alter_user_last_name_max_length','2021-04-16 09:22:18.661505'),(12,'auth','0010_alter_group_name_max_length','2021-04-16 09:22:18.692224'),(13,'auth','0011_update_proxy_permissions','2021-04-16 09:22:18.699659'),(14,'auth','0012_alter_user_first_name_max_length','2021-04-16 09:22:18.705987'),(15,'authentication','0001_initial','2021-04-16 09:22:18.755041'),(16,'admin','0001_initial','2021-04-16 09:27:33.084976'),(17,'admin','0002_logentry_remove_auto_add','2021-04-16 09:27:33.137154'),(18,'admin','0003_logentry_add_action_flag_choices','2021-04-16 09:27:33.144234'),(19,'classifier','0001_initial','2021-04-16 09:27:33.151526'),(20,'script','0001_initial','2021-04-16 09:27:33.156991'),(21,'sessions','0001_initial','2021-04-16 09:27:33.174605'),(22,'webpush','0001_initial','2021-04-19 06:00:47.489369'),(23,'webpush','0002_auto_20190603_0005','2021-04-19 06:00:47.525894'),(24,'notifications','0001_initial','2021-04-21 13:56:04.327465'),(25,'official_documents','0001_initial','2021-04-21 13:56:04.333510'),(26,'script','0002_delete_modelownerline','2021-04-21 13:56:04.336857');
/*!40000 ALTER TABLE `django_migrations` ENABLE KEYS */;
UNLOCK TABLES;

--
-- Table structure for table `django_session`
--

DROP TABLE IF EXISTS `django_session`;
/*!40101 SET @saved_cs_client     = @@character_set_client */;
/*!50503 SET character_set_client = utf8mb4 */;
CREATE TABLE `django_session` (
  `session_key` varchar(40) NOT NULL,
  `session_data` longtext NOT NULL,
  `expire_date` datetime(6) NOT NULL,
  PRIMARY KEY (`session_key`),
  KEY `django_session_expire_date_a5c62663` (`expire_date`)
) ENGINE=InnoDB DEFAULT CHARSET=utf8;
/*!40101 SET character_set_client = @saved_cs_client */;

--
-- Dumping data for table `django_session`
--

LOCK TABLES `django_session` WRITE;
/*!40000 ALTER TABLE `django_session` DISABLE KEYS */;
INSERT INTO `django_session` VALUES ('g094jzf4xldwl23853qdrio6cxli2bt5','.eJxVjMsOwiAUBf-FtSFCCty6dO83EO4DqRpISrtq_Hdt0oVuz8ycTcW0LiWuXeY4sbooo06_GyZ6St0BP1K9N02tLvOEelf0Qbu-NZbX9XD_Dkrq5VtbNtaMwGFAR5B48GwhoBfIbrAoYJzxRADikHPwTrJkGF0mFnsOXr0_5MQ4Wg:1lbeCC:nXNLZlHNEKg0CiJM1OFdzjL3si0N7ooWSJIHlj9g8YM','2021-05-12 07:01:16.105427');
/*!40000 ALTER TABLE `django_session` ENABLE KEYS */;
UNLOCK TABLES;

--
-- Table structure for table `obj_case_row`
--

DROP TABLE IF EXISTS `obj_case_row`;
/*!40101 SET @saved_cs_client     = @@character_set_client */;
/*!50503 SET character_set_client = utf8mb4 */;
CREATE TABLE `obj_case_row` (
  `id` int unsigned NOT NULL,
  `key_id` smallint unsigned NOT NULL,
  `val` varchar(255) NOT NULL,
  `dat` datetime DEFAULT NULL,
  KEY `ind_id` (`id`),
  KEY `ind_id_key` (`id`,`key_id`)
) ENGINE=InnoDB DEFAULT CHARSET=utf8 AVG_ROW_LENGTH=2048 ROW_FORMAT=DYNAMIC;
/*!40101 SET character_set_client = @saved_cs_client */;

--
-- Dumping data for table `obj_case_row`
--

LOCK TABLES `obj_case_row` WRITE;
/*!40000 ALTER TABLE `obj_case_row` DISABLE KEYS */;
INSERT INTO `obj_case_row` VALUES (30,45502,'–î–û–£',NULL),(30,45505,'–û–ø–∏—Å–∞–Ω–∏–µ –∏ —Ç–æ–ª—å–∫–æ',NULL),(31,45502,'–£–î',NULL),(31,45505,'–û–ø–∏—Å–∞–Ω–∏–µ 2',NULL),(32,45502,'–ê–î',NULL),(32,45505,'–û–ø–∏—Å–∞–Ω–∏–µ 3',NULL),(33,45502,'–ê–î',NULL),(33,45505,'–û–ø–∏—Å–∞–Ω–∏–µ 4',NULL);
/*!40000 ALTER TABLE `obj_case_row` ENABLE KEYS */;
UNLOCK TABLES;

--
-- Table structure for table `obj_file_col`
--

DROP TABLE IF EXISTS `obj_file_col`;
/*!40101 SET @saved_cs_client     = @@character_set_client */;
/*!50503 SET character_set_client = utf8mb4 */;
CREATE TABLE `obj_file_col` (
  `id` int unsigned NOT NULL,
  `type` tinyint unsigned DEFAULT NULL,
  `path` varchar(255) DEFAULT NULL,
  PRIMARY KEY (`id`)
) ENGINE=InnoDB DEFAULT CHARSET=utf8 ROW_FORMAT=DYNAMIC;
/*!40101 SET character_set_client = @saved_cs_client */;

--
-- Dumping data for table `obj_file_col`
--

LOCK TABLES `obj_file_col` WRITE;
/*!40000 ALTER TABLE `obj_file_col` DISABLE KEYS */;
/*!40000 ALTER TABLE `obj_file_col` ENABLE KEYS */;
UNLOCK TABLES;

--
-- Table structure for table `obj_file_row`
--

DROP TABLE IF EXISTS `obj_file_row`;
/*!40101 SET @saved_cs_client     = @@character_set_client */;
/*!50503 SET character_set_client = utf8mb4 */;
CREATE TABLE `obj_file_row` (
  `id` int unsigned NOT NULL,
  `key_id` smallint unsigned NOT NULL,
  `val` varchar(255) NOT NULL,
  `dat` datetime DEFAULT NULL,
  KEY `ind_id` (`id`),
  KEY `ind_id_key` (`id`,`key_id`)
) ENGINE=InnoDB DEFAULT CHARSET=utf8 ROW_FORMAT=DYNAMIC;
/*!40101 SET character_set_client = @saved_cs_client */;

--
-- Dumping data for table `obj_file_row`
--

LOCK TABLES `obj_file_row` WRITE;
/*!40000 ALTER TABLE `obj_file_row` DISABLE KEYS */;
/*!40000 ALTER TABLE `obj_file_row` ENABLE KEYS */;
UNLOCK TABLES;

--
-- Table structure for table `obj_free_row`
--

DROP TABLE IF EXISTS `obj_free_row`;
/*!40101 SET @saved_cs_client     = @@character_set_client */;
/*!50503 SET character_set_client = utf8mb4 */;
CREATE TABLE `obj_free_row` (
  `id` int unsigned NOT NULL,
  `key_id` smallint unsigned NOT NULL,
  `val` varchar(255) NOT NULL,
  `dat` datetime DEFAULT NULL,
  KEY `ind_id` (`id`),
  KEY `ind_id_key` (`id`,`key_id`)
) ENGINE=InnoDB DEFAULT CHARSET=utf8 AVG_ROW_LENGTH=5461 ROW_FORMAT=DYNAMIC;
/*!40101 SET character_set_client = @saved_cs_client */;

--
-- Dumping data for table `obj_free_row`
--

LOCK TABLES `obj_free_row` WRITE;
/*!40000 ALTER TABLE `obj_free_row` DISABLE KEYS */;
INSERT INTO `obj_free_row` VALUES (30,80,'val 1','2020-01-01 00:00:00'),(30,80,'val 2','2020-01-02 00:00:00'),(30,80,'val 3','2020-02-02 00:00:00');
/*!40000 ALTER TABLE `obj_free_row` ENABLE KEYS */;
UNLOCK TABLES;

--
-- Table structure for table `obj_geometry_col`
--

DROP TABLE IF EXISTS `obj_geometry_col`;
/*!40101 SET @saved_cs_client     = @@character_set_client */;
/*!50503 SET character_set_client = utf8mb4 */;
CREATE TABLE `obj_geometry_col` (
  `id` int unsigned NOT NULL,
  `parent_id` int unsigned NOT NULL DEFAULT '0',
  `name` varchar(25) NOT NULL,
  `icon` varchar(25) NOT NULL,
  `location` geomcollection DEFAULT NULL,
  PRIMARY KEY (`id`)
) ENGINE=InnoDB DEFAULT CHARSET=utf8 AVG_ROW_LENGTH=1260 ROW_FORMAT=DYNAMIC;
/*!40101 SET character_set_client = @saved_cs_client */;

--
-- Dumping data for table `obj_geometry_col`
--

LOCK TABLES `obj_geometry_col` WRITE;
/*!40000 ALTER TABLE `obj_geometry_col` DISABLE KEYS */;
INSERT INTO `obj_geometry_col` VALUES (30,0,'–ì—Ä—É–ø–ø–∞ 0','fa-folder',NULL),(31,0,'–ì—Ä—É–ø–ø–∞ 1','fa-folder',NULL),(32,30,'–ì—Ä—É–ø–ø–∞ 11','fa-folder',NULL),(34,0,'','',_binary '\Ê\0\0\0\0\0\0\0\0\0\0\0\0\0\0\0\0\0\Õ\Ã\Ã\Ã\Ã<B@Zd;\ﬂ\œM@ÆG\·zDE@≤ù\Ôß\∆M@fffffñF@=\n◊£pΩN@\Õ\Ã\Ã\Ã\Ã<B@Zd;\ﬂ\œM@'),(36,0,'','',_binary '\Ê\0\0\0\0\0\0\0\0\0\0\0\0\0\0\0\0\0\Õ\Ã\Ã\Ã\Ã<B@Zd;\ﬂ\œM@ÆG\·zDE@≤ù\Ôß\∆M@fffffñF@=\n◊£pΩN@\Õ\Ã\Ã\Ã\Ã<B@Zd;\ﬂ\œM@'),(37,0,'','',_binary '\Ê\0\0\0\0\0\0\0\0\0\0\0\0\0\0\0\0\0\Õ\Ã\Ã\Ã\Ã<B@Zd;\ﬂ\œM@ÆG\·zDE@≤ù\Ôß\∆M@fffffñF@=\n◊£pΩN@\Õ\Ã\Ã\Ã\Ã<B@Zd;\ﬂ\œM@'),(38,0,'','',_binary '\Ê\0\0\0\0\0\0\0\0\0\0\0\0\0\0\0\0\0\Õ\Ã\Ã\Ã\Ã<B@Zd;\ﬂ\œM@ÆG\·zDE@≤ù\Ôß\∆M@fffffñF@=\n◊£pΩN@\Õ\Ã\Ã\Ã\Ã<B@Zd;\ﬂ\œM@'),(39,0,'','',_binary '\Ê\0\0\0\0\0\0\0\0\0\0\0\0\0\0\0\0\0\Õ\Ã\Ã\Ã\Ã<B@Zd;\ﬂ\œM@ÆG\·zDE@≤ù\Ôß\∆M@fffffñF@=\n◊£pΩN@\Õ\Ã\Ã\Ã\Ã<B@Zd;\ﬂ\œM@'),(40,0,'','',_binary '\Ê\0\0\0\0\0\0\0\0\0\0\0\0\0\0\0\0\0\Õ\Ã\Ã\Ã\Ã<B@Zd;\ﬂ\œM@ÆG\·zDE@≤ù\Ôß\∆M@fffffñF@=\n◊£pΩN@\Õ\Ã\Ã\Ã\Ã<B@Zd;\ﬂ\œM@'),(41,32,'–¢–µ—Å—Ç 41','fa-lock',_binary '\0\0\0\0\0\0\0\0\0\0\0\0\0\0\0\0\0\0\0\Õ\Ã\Ã\Ã\Ã<B@Zd;\ﬂ\œM@ÆG\·zDE@≤ù\Ôß\∆M@fffffñF@=\n◊£pΩN@\Õ\Ã\Ã\Ã\Ã<B@Zd;\ﬂ\œM@'),(42,30,'–¢–µ—Å—Ç 41','fa-lock',_binary '\0\0\0\0\0\0\0\0\0\0\0\0\0\0\0\0\0\0\0öôôôôy:@Zd;\ﬂ\œM@ÆG\·zD@@≤ù\Ôß\∆M@fffffñA@=\n◊£pΩN@öôôôôy:@Zd;\ﬂ\œM@'),(46,0,'','',_binary '\Ê\0\0\0\0\0\0\0\0\0\0\0\0\0\0\0\0\0\Õ\Ã\Ã\Ã\Ã<B@Zd;\ﬂ\œM@ÆG\·zDE@≤ù\Ôß\∆M@fffffñF@=\n◊£pΩN@\Õ\Ã\Ã\Ã\Ã<B@Zd;\ﬂ\œM@'),(47,0,'','',_binary '\Ê\0\0\0\0\0\0\0\0\0\0\0\0\0\0\0\0\0\Õ\Ã\Ã\Ã\Ã<B@Zd;\ﬂ\œM@ÆG\·zDE@≤ù\Ôß\∆M@fffffñF@=\n◊£pΩN@\Õ\Ã\Ã\Ã\Ã<B@Zd;\ﬂ\œM@'),(48,0,'','',_binary '\Ê\0\0\0\0\0\0\0\0\0\0\0\0\0\0\0\0\0\Õ\Ã\Ã\Ã\Ã<B@Zd;\ﬂ\œM@ÆG\·zDE@≤ù\Ôß\∆M@fffffñF@=\n◊£pΩN@\Õ\Ã\Ã\Ã\Ã<B@Zd;\ﬂ\œM@'),(49,0,'','',_binary '\Ê\0\0\0\0\0\0\0\0\0\0\0\0\0\0\0\0\0\Õ\Ã\Ã\Ã\Ã<B@Zd;\ﬂ\œM@ÆG\·zDE@≤ù\Ôß\∆M@fffffñF@=\n◊£pΩN@\Õ\Ã\Ã\Ã\Ã<B@Zd;\ﬂ\œM@'),(50,0,'','',_binary '\Ê\0\0\0\0\0\0\0\0\0\0\0\0\0\0\0\0\0\Õ\Ã\Ã\Ã\Ã<B@Zd;\ﬂ\œM@ÆG\·zDE@≤ù\Ôß\∆M@fffffñF@=\n◊£pΩN@\Õ\Ã\Ã\Ã\Ã<B@Zd;\ﬂ\œM@'),(51,0,'–¢–µ—Å—Ç 51','fa-lock',_binary '\0\0\0\0\0\0\0\0\0\0\0\0\0zo¿%:@òk\—¥K@\0\0\0\0\0\0\0\0\0C\»yˇ\◊7@\œ1 {ΩùJ@W\"P˝É8@\Âú\ÿC˚™J@Æ.ß\ƒP8@\ı/IeäªJ@Q\˜HÅ8@êÖ\Ë8\⁄J@âx\Î¸\€e8@Ä\‘&N\ÚJ@\‘c[ú-8@a\ﬂN\"\¬˘J@=É˘+¯7@\»\Ï,zß\ˆJ@Ö\'\Ù˙ì\Ã7@.V\‘`\Z¯J@/n£ºï7@\ÙPoF\˜J@r6‹Ñ7@÷©\Ú=#˘J@\–(]˙óå7@\Ò\ÛﬂÉ\◊\ÍJ@	\ﬂ˚ê7@)\Èahu\‡J@\Ó<¨7@8\Ù\ÔøJ@C\»yˇ\◊7@\œ1 {ΩùJ@\0\0\0B\Œ˚ˇ\»8@î4Lk\ﬂJ@'),(52,0,'–¢–µ—Å—Ç 52','fa-lock',_binary '\0\0\0\0\0\0\0\0\0\0\0\0\0\0\0\0\0\0\0\Ù\ﬁÄ\ﬂ8@•,C\ÎK@B\Œ˚ˇ\»8@S±1Ø#K@\·\ÌA\»K9@\√GƒîH\nK@8íL|9@)±k{\˜J@\ËΩ1\0#9@\‡\Û\√\·\ÎJ@\Ù\ﬁÄ\ﬂ8@•,C\ÎK@\0\0\0\0\0\0\0\0\0B\Œ˚ˇ0:@\n\⁄\‰\IïK@EGr˘M;@\ÔU+~!L@•\ı∑\‡k=@úáòNπK@\”˙[\k<@Mû≤öÆìK@ê2\‚\–\»;@âï\—\»\ÁyK@B\Œ˚ˇ0:@\n\⁄\‰\IïK@\0\0\0	\0\0\0b->¿¯9@Çt±i•¸K@≥ïó¸OJ:@\Êì\√\’#L@\·ö;˙_≤:@àI∏êGL@\ﬂC\0p:@\"®\ZΩ\Z∫K@û\“¡˙?:@Nüt\"}K@\…Xm˛_9;@y\Ëª[Y2K@b->¿<@\Ïﬁä\ƒK@ô\‘\–`Ø=@<ÉÜ˛	JK@|\Ó˚Ø∑?@x	N} [K@'),(53,0,'–¢–µ—Å—Ç 53','fa-lock',_binary '\0\0\0\0\0\0\0\0\0\0\0\0\0\0\0\0\0\0\0ê2\‚\–¯8@\‰L∂üTK@\Ìª\"¯\ﬂ9@\lè\ﬁpsK@\0\0\0\0\0:@˘\ıCl∞XK@$cµ˘\Ì9@_ü;%K@ê2\‚\–¯8@\‰L∂üTK@\0\0\0\0\0\0\0\0\0ê2\‚\–¯8@\ÔU+~!L@\·ö;˙_˛9@û\Ì\—\ÓL@g+/˘üê:@d\Î\¬1\ÛK@ô\‘\–`+:@iE,b\–K@ê2\‚\–¯8@\ÔU+~!L@'),(54,0,'–¢–µ—Å—Ç 54','fa-lock',_binary '\0\0\0\0\0\0\0\0\0\0\0\0\0\0\0\0\0\0\0\√\’ß;@\Ê=\Œ4˚J@kf-§\Â;@\€Ry=\ˆJ@Mjh∞\Ÿ;@˚\Ê˛\Íq\ÂJ@\·\ÌA\»g;@åÇ\‡\Ò\Ì\◊J@/n£º;@pñí\Â$\ËJ@R\—X˚;;@dt@\ˆˇJ@∏\Á˘\”.;@Æ\Ú\¬K@\√\’ß;@\Ê=\Œ4˚J@\0\0\0\0\0\0\«\Ÿtpì:@Ø\\oõ©K@|\Ó˚Ø;@R<æΩOK@à\Ï¯/\;@ \—!pK@\ﬂC\0p\‹<@Ø\\oõ©K@zo¿\ı<@âîMπ¯J@\0\0\0\Ú_ êU:@“ã\⁄˝*\0K@'),(55,0,'–¢–µ—Å—Ç 55','fa-lock',_binary '\0\0\0\0\0\0\0\0\0\0\0\0\0‹úJÄf9@1\ÕtØìVJ@\0\0\0\0\0\0\ˆ]¸o9:@ﬂáÉÑ(J@x\\–3:@¢|A	vJ@Ω7Ü\0\‡0<@c	kc\Ï*J@\’yT¸\ﬂ\ı:@ﬂáÉÑ(J@\0\0\0\0\0\0\0\0\0û\“¡˙?[9@\ ¸£o\“\‰J@Mjh∞%;@_ü;%K@ø∂~˙œ∫:@]Tú∏J@û\“¡˙?[9@\ ¸£o\“\‰J@'),(56,0,'–¢–µ—Å—Ç 56','fa-lock',_binary '\0\0\0\0\0\0\0\0\0\0\0\0\0\0\0\0\0\0\0}\Ã∂8@P™}:5J@^gC˛ô9@P™}:5J@^gC˛ô9@Z-∞\«DDJ@,\’º\–8@NbX9>J@}\Ã∂8@Z-∞\«DDJ@}\Ã∂8@P™}:5J@\0\0\0d¨6ˇØÇ8@^ª\ÔpJ@'),(57,0,'–¢–µ—Å—Ç 57','fa-lock',_binary '\0\0\0\0\0\0\0\0\0\0\0\0\0C\»yˇ[;@C\Ê †\⁄JK@\0\0\0\0\0\0\0\0\0VW@\:@\‹\ª\Èñ\œK@\Ú_ êq<@A\¯\ˆÆøK@Ñ˚P<@≠˘\Òó1L@VW@\:@\‹\ª\Èñ\œK@'),(58,0,'–¢–µ—Å—Ç 58','fa-lock',_binary '\0\0\0\0\0\0\0\0\0\0\0\0\0\0\0\0ó\“˛8:@&qVDM0K@∫eá¯á!:@\Èahur¸J@\·ö;˙_ñ8@.rOW\ÛJ@\…Xm˛_9@¢∑xx\œSK@|\Ó˚Ø:@\Ë\ﬁ\√%\«mK@\0\0\0\0\0\0\0\0\0p\Õ˝/\Û8@Dá¿ë@	K@\–{c\0™9@t%\’?@K@Föxx\Ê9@% &\·BK@p\Õ˝/\Û8@Dá¿ë@	K@\0\0\0g+/˘üê:@â$z\≈\"K@');
/*!40000 ALTER TABLE `obj_geometry_col` ENABLE KEYS */;
UNLOCK TABLES;

--
-- Table structure for table `obj_geometry_row`
--

DROP TABLE IF EXISTS `obj_geometry_row`;
/*!40101 SET @saved_cs_client     = @@character_set_client */;
/*!50503 SET character_set_client = utf8mb4 */;
CREATE TABLE `obj_geometry_row` (
  `id` int unsigned NOT NULL,
  `key_id` smallint unsigned NOT NULL,
  `val` varchar(255) NOT NULL,
  `dat` datetime DEFAULT NULL,
  KEY `ind_id` (`id`),
  KEY `ind_id_key` (`id`,`key_id`)
) ENGINE=InnoDB DEFAULT CHARSET=utf8 AVG_ROW_LENGTH=1638 ROW_FORMAT=DYNAMIC;
/*!40101 SET character_set_client = @saved_cs_client */;

--
-- Dumping data for table `obj_geometry_row`
--

LOCK TABLES `obj_geometry_row` WRITE;
/*!40000 ALTER TABLE `obj_geometry_row` DISABLE KEYS */;
INSERT INTO `obj_geometry_row` VALUES (41,81,'5',NULL),(42,81,'-1',NULL),(51,81,'0.05',NULL),(52,81,'50',NULL),(53,81,'-5',NULL),(54,81,'100',NULL),(55,81,'0',NULL),(56,81,'20',NULL),(57,81,'-3',NULL),(58,81,'4',NULL);
/*!40000 ALTER TABLE `obj_geometry_row` ENABLE KEYS */;
UNLOCK TABLES;

--
-- Table structure for table `obj_person_p_row`
--

DROP TABLE IF EXISTS `obj_person_p_row`;
/*!40101 SET @saved_cs_client     = @@character_set_client */;
/*!50503 SET character_set_client = utf8mb4 */;
CREATE TABLE `obj_person_p_row` (
  `id` int unsigned NOT NULL,
  `key_id` smallint unsigned NOT NULL,
  `val` varchar(255) NOT NULL,
  `dat` datetime DEFAULT NULL,
  KEY `ind_id` (`id`),
  KEY `ind_id_key` (`id`,`key_id`)
) ENGINE=InnoDB DEFAULT CHARSET=utf8 ROW_FORMAT=DYNAMIC;
/*!40101 SET character_set_client = @saved_cs_client */;

--
-- Dumping data for table `obj_person_p_row`
--

LOCK TABLES `obj_person_p_row` WRITE;
/*!40000 ALTER TABLE `obj_person_p_row` DISABLE KEYS */;
/*!40000 ALTER TABLE `obj_person_p_row` ENABLE KEYS */;
UNLOCK TABLES;

--
-- Table structure for table `obj_point_col`
--

DROP TABLE IF EXISTS `obj_point_col`;
/*!40101 SET @saved_cs_client     = @@character_set_client */;
/*!50503 SET character_set_client = utf8mb4 */;
CREATE TABLE `obj_point_col` (
  `id` int unsigned NOT NULL,
  `lat` double DEFAULT NULL,
  `lon` double DEFAULT NULL,
  `address` tinytext COMMENT '–∞–¥—Ä–µ—Å',
  PRIMARY KEY (`id`),
  KEY `IDX_id` (`id`)
) ENGINE=InnoDB DEFAULT CHARSET=utf8 AVG_ROW_LENGTH=2520 ROW_FORMAT=DYNAMIC;
/*!40101 SET character_set_client = @saved_cs_client */;

--
-- Dumping data for table `obj_point_col`
--

LOCK TABLES `obj_point_col` WRITE;
/*!40000 ALTER TABLE `obj_point_col` DISABLE KEYS */;
INSERT INTO `obj_point_col` VALUES (33,52.0839356,23.650415,'–ë—Ä–µ—Å—Ç, —É–ª.–†—É—Å–∞–∫–æ–≤–∞,124'),(34,54.4773572,26.3932509,'–°–º–æ—Ä–≥–æ–Ω—å, —É–ª.–ë–µ–ª–∏–Ω—Å–∫–æ–≥–æ,124'),(35,55.4798043,28.7796702,'–ü–æ–ª–æ—Ü–∫, —É–ª.–°–æ—Ñ–∏–∏ –ü–æ–ª–æ—Ü–∫–æ–π, 3'),(36,53.8870722,27.962096,'–°–∞–º–æ–ª–µ—Ç—ã –ú–∏–Ω—Å–∫'),(37,53.2628595,23.8672983,'–ù–∏–∂–Ω–∏–π –ù–æ–≤–≥–æ—Ä–æ–¥, 40 –ª–µ—Ç –ü–æ–±–µ–¥—ã —É–ª., 7'),(38,53.2255994,23.8739022,'–ù–∏–∂–Ω–∏–π –ù–æ–≤–≥–æ—Ä–æ–¥, 60-–ª–µ—Ç–∏—è –û–∫—Ç—è–±—Ä—è –±-—Ä, 2–∞, –°–ê–Æ–°'),(39,53.2241874,23.8191839,'–ù–∏–∂–Ω–∏–π –ù–æ–≤–≥–æ—Ä–æ–¥, –ê–≥—Ä–æ–Ω–æ–º–æ–≤ —É–ª, 77'),(40,53.2490319,24.0470196,'–ù–∏–∂–Ω–∏–π –ù–æ–≤–≥–æ—Ä–æ–¥, –ê–¥–º–∏—Ä–∞–ª–∞ –ú–∞–∫–∞—Ä–æ–≤–∞ —É–ª., 16-40'),(41,52.8521343,23.9992328,'–ù–∏–∂–Ω–∏–π –ù–æ–≤–≥–æ—Ä–æ–¥, –ê–∫–∏–º–æ–≤–∞ —É–ª., 50'),(42,52.8345252,23.9736483,'–ù–∏–∂–Ω–∏–π –ù–æ–≤–≥–æ—Ä–æ–¥, –ê–ª–µ–∫—Å–µ–µ–≤—Å–∫–∞—è —É–ª., 1'),(43,52.8685392,24.1087106,'–ù–∏–∂–Ω–∏–π –ù–æ–≤–≥–æ—Ä–æ–¥, –ê–ª–µ–∫—Å–µ–µ–≤—Å–∫–∞—è —É–ª., 6/16'),(44,53.9232459,24.466538,'–ù–∏–∂–Ω–∏–π –ù–æ–≤–≥–æ—Ä–æ–¥, –ê–ª–µ–∫—Å–µ–µ–≤—Å–∫–∞—è —É–ª., 8–∞1'),(45,53.7653914,24.3036483,'–ù–∏–∂–Ω–∏–π –ù–æ–≤–≥–æ—Ä–æ–¥, –ê–Ω–∫—É–¥–∏–Ω–æ–≤—Å–∫–æ–µ —à, 184'),(46,53.3524766,24.7062152,'–ù–∏–∂–Ω–∏–π –ù–æ–≤–≥–æ—Ä–æ–¥, –ê–Ω–∫—É–¥–∏–Ω–æ–≤—Å–∫–æ–µ —à, 3–∞'),(47,54.8527277,27.0920334,'–ù–∏–∂–Ω–∏–π –ù–æ–≤–≥–æ—Ä–æ–¥, –ê–Ω–∫—É–¥–∏–Ω–æ–≤—Å–∫–æ–µ —à, 85'),(48,55.5022909,27.939888,'–ù–∏–∂–Ω–∏–π –ù–æ–≤–≥–æ—Ä–æ–¥, –ê—Ä–∞–ª—å—Å–∫–∞—è —É–ª., 23'),(49,54.7061863,30.5381097,'–ù–∏–∂–Ω–∏–π –ù–æ–≤–≥–æ—Ä–æ–¥, –ê—Ä—Ç–µ–ª—å–Ω–∞—è —É–ª., 3'),(50,53.7793249,30.3136429,'–ù–∏–∂–Ω–∏–π –ù–æ–≤–≥–æ—Ä–æ–¥, –ê—Ä—Ç–µ–º–æ–≤—Å–∫–∞—è —É–ª., 30'),(51,52.3222736,30.2990905,'–ù–∏–∂–Ω–∏–π –ù–æ–≤–≥–æ—Ä–æ–¥, –ê—ç—Ä–æ–ø–æ—Ä—Ç —É–ª., 1'),(52,52.3162907,28.5324098,'–ù–∏–∂–Ω–∏–π –ù–æ–≤–≥–æ—Ä–æ–¥, –ë. –ö–æ—Ä–Ω–∏–ª–æ–≤–∞ —É–ª., 5/1'),(53,52.3969908,28.3072926,'–ù–∏–∂–Ω–∏–π –ù–æ–≤–≥–æ—Ä–æ–¥, –ë. –ö–æ—Ä–Ω–∏–ª–æ–≤–∞ —É–ª., 6/1'),(54,53.6174398,27.9788652,'<strong>–ù–ì–ì</strong><br />—É—à–µ–ª –∏ –Ω–µ –ø–æ–π–º–∞–ª–∏'),(55,53.4621,26.9469,'–¢–µ—Å—Ç 1'),(56,53.4506,26.8133,'–¢–µ—Å—Ç 2'),(57,53.4718,26.6726,'–¢–µ—Å—Ç 3'),(58,53.5038,26.9488,'–¢–µ—Å—Ç 4');
/*!40000 ALTER TABLE `obj_point_col` ENABLE KEYS */;
UNLOCK TABLES;

--
-- Table structure for table `obj_point_row`
--

DROP TABLE IF EXISTS `obj_point_row`;
/*!40101 SET @saved_cs_client     = @@character_set_client */;
/*!50503 SET character_set_client = utf8mb4 */;
CREATE TABLE `obj_point_row` (
  `id` int unsigned NOT NULL,
  `key_id` smallint unsigned NOT NULL,
  `val` varchar(255) NOT NULL,
  `dat` datetime DEFAULT NULL,
  KEY `ind_id` (`id`),
  KEY `ind_id_key` (`id`,`key_id`)
) ENGINE=InnoDB DEFAULT CHARSET=utf8 ROW_FORMAT=DYNAMIC;
/*!40101 SET character_set_client = @saved_cs_client */;

--
-- Dumping data for table `obj_point_row`
--

LOCK TABLES `obj_point_row` WRITE;
/*!40000 ALTER TABLE `obj_point_row` DISABLE KEYS */;
/*!40000 ALTER TABLE `obj_point_row` ENABLE KEYS */;
UNLOCK TABLES;

--
-- Table structure for table `obj_transport_row`
--

DROP TABLE IF EXISTS `obj_transport_row`;
/*!40101 SET @saved_cs_client     = @@character_set_client */;
/*!50503 SET character_set_client = utf8mb4 */;
CREATE TABLE `obj_transport_row` (
  `id` int unsigned NOT NULL,
  `key_id` smallint unsigned NOT NULL,
  `val` varchar(255) NOT NULL,
  `dat` datetime DEFAULT NULL,
  KEY `ind_id` (`id`),
  KEY `ind_id_key` (`id`,`key_id`)
) ENGINE=InnoDB DEFAULT CHARSET=utf8 ROW_FORMAT=DYNAMIC;
/*!40101 SET character_set_client = @saved_cs_client */;

--
-- Dumping data for table `obj_transport_row`
--

LOCK TABLES `obj_transport_row` WRITE;
/*!40000 ALTER TABLE `obj_transport_row` DISABLE KEYS */;
/*!40000 ALTER TABLE `obj_transport_row` ENABLE KEYS */;
UNLOCK TABLES;

--
-- Table structure for table `owner_groups`
--

DROP TABLE IF EXISTS `owner_groups`;
/*!40101 SET @saved_cs_client     = @@character_set_client */;
/*!50503 SET character_set_client = utf8mb4 */;
CREATE TABLE `owner_groups` (
  `id` int NOT NULL,
  `owner_regions_id` tinyint unsigned NOT NULL,
  `owner_lines_id` tinyint unsigned NOT NULL,
  `title` varchar(255) NOT NULL,
  `descript` varchar(255) DEFAULT NULL,
  PRIMARY KEY (`id`),
  KEY `ind_owner_line_id` (`owner_lines_id`),
  KEY `ind_owner_region_id` (`owner_regions_id`),
  CONSTRAINT `ind_owner_line_id` FOREIGN KEY (`owner_lines_id`) REFERENCES `owner_lines` (`id`) ON DELETE CASCADE ON UPDATE CASCADE,
  CONSTRAINT `ind_owner_region_id` FOREIGN KEY (`owner_regions_id`) REFERENCES `owner_regions` (`id`) ON DELETE CASCADE ON UPDATE CASCADE
) ENGINE=InnoDB DEFAULT CHARSET=utf8 AVG_ROW_LENGTH=364 ROW_FORMAT=DYNAMIC;
/*!40101 SET character_set_client = @saved_cs_client */;

--
-- Dumping data for table `owner_groups`
--

LOCK TABLES `owner_groups` WRITE;
/*!40000 ALTER TABLE `owner_groups` DISABLE KEYS */;
INSERT INTO `owner_groups` VALUES (1,1,1,'–ê–¥–º–∏–Ω–∏—Å—Ç—Ä–∞—Ç–æ—Ä','!!!'),(22,2,2,'–ì–ü–ö –ê',NULL),(23,2,3,'–ì–ü–ö –û',NULL),(24,2,4,'–ì–ü–ö –ò',NULL),(25,2,5,'–ì–ü–ö–î',NULL),(32,3,2,'–ü–æ–ª–æ—Ü–∫ –ê',NULL),(33,3,3,'–ü–æ–ª–æ—Ü–∫ –û',NULL),(34,3,4,'–ü–æ–ª–æ—Ü–∫ –ò',NULL),(35,3,5,'–ü–æ–ª–æ—Ü–∫ –î',NULL),(42,4,2,'–°–º–æ—Ä–≥–æ–Ω—å –ê',NULL),(43,4,3,'–°–º–æ—Ä–≥–æ–Ω—å –û',NULL),(44,4,4,'–°–º–æ—Ä–≥–æ–Ω—å –ò',NULL),(45,4,5,'–°–º–æ—Ä–≥–æ–Ω—å –î',NULL),(52,5,2,'–õ–∏–¥–∞ –ê',NULL),(53,5,3,'–õ–∏–¥–∞ –û',NULL),(54,5,4,'–õ–∏–¥–∞ –ò',NULL),(55,5,5,'–õ–∏–¥–∞ –î',NULL),(62,6,2,'–ì—Ä–æ–¥–Ω–æ –ê',NULL),(63,6,3,'–ì—Ä–æ–¥–Ω–æ –û',NULL),(64,6,4,'–ì—Ä–æ–¥–Ω–æ –ò',NULL),(65,6,5,'–ì—Ä–æ–¥–Ω–æ –î',NULL),(72,7,2,'–ë—Ä–µ—Å—Ç –ê',NULL),(73,7,3,'–ë—Ä–µ—Å—Ç –û',NULL),(74,7,4,'–ë—Ä–µ—Å—Ç –ò',NULL),(75,7,5,'–ë—Ä–µ—Å—Ç –î',NULL),(82,8,2,'–ü–∏–Ω—Å–∫ –ê',NULL),(83,8,3,'–ü–∏–Ω—Å–∫ –û',NULL),(84,8,4,'–ü–∏–Ω—Å–∫ –ò',NULL),(85,8,5,'–ü–∏–Ω—Å–∫ –î',NULL),(92,9,2,'–ú–æ–∑—ã—Ä—å –ê',NULL),(93,9,3,'–ú–æ–∑—ã—Ä—å –û',NULL),(94,9,4,'–ú–æ–∑—ã—Ä—å –ò',NULL),(95,9,5,'–ú–æ–∑—ã—Ä—å –î',NULL),(102,10,2,'–ì–æ–º–µ–ª—å –ê',NULL),(103,10,3,'–ì–æ–º–µ–ª—å –û',NULL),(104,10,4,'–ì–æ–º–µ–ª—å –ò',NULL),(105,10,5,'–ì–æ–º–µ–ª—å –î',NULL),(112,11,2,'–û–ü –ê',NULL),(113,11,3,'–û–ü –û',NULL),(114,11,4,'–û–ü –ò',NULL),(115,11,5,'–û–ü –î',NULL),(122,12,2,'–û–° –ê',NULL),(123,12,3,'–û–° –û',NULL),(124,12,4,'–û–° –ò',NULL),(125,12,5,'–û–° –î',NULL);
/*!40000 ALTER TABLE `owner_groups` ENABLE KEYS */;
UNLOCK TABLES;

--
-- Table structure for table `owner_lines`
--

DROP TABLE IF EXISTS `owner_lines`;
/*!40101 SET @saved_cs_client     = @@character_set_client */;
/*!50503 SET character_set_client = utf8mb4 */;
CREATE TABLE `owner_lines` (
  `id` tinyint unsigned NOT NULL,
  `parent_id` tinyint unsigned NOT NULL,
  `title` varchar(255) NOT NULL,
  UNIQUE KEY `ind_id` (`id`)
) ENGINE=InnoDB DEFAULT CHARSET=utf8 AVG_ROW_LENGTH=4096 ROW_FORMAT=DYNAMIC;
/*!40101 SET character_set_client = @saved_cs_client */;

--
-- Dumping data for table `owner_lines`
--

LOCK TABLES `owner_lines` WRITE;
/*!40000 ALTER TABLE `owner_lines` DISABLE KEYS */;
INSERT INTO `owner_lines` VALUES (1,0,'–ê–¥–º–∏–Ω–∏—Å—Ç—Ä–∞—Ç–æ—Ä'),(2,1,'a'),(3,2,'o'),(4,2,'i'),(5,2,'d');
/*!40000 ALTER TABLE `owner_lines` ENABLE KEYS */;
UNLOCK TABLES;

--
-- Table structure for table `owner_regions`
--

DROP TABLE IF EXISTS `owner_regions`;
/*!40101 SET @saved_cs_client     = @@character_set_client */;
/*!50503 SET character_set_client = utf8mb4 */;
CREATE TABLE `owner_regions` (
  `id` tinyint unsigned NOT NULL,
  `parent_id` tinyint unsigned NOT NULL,
  `title` varchar(255) NOT NULL,
  UNIQUE KEY `ind_id` (`id`)
) ENGINE=InnoDB DEFAULT CHARSET=utf8 AVG_ROW_LENGTH=1489 ROW_FORMAT=DYNAMIC;
/*!40101 SET character_set_client = @saved_cs_client */;

--
-- Dumping data for table `owner_regions`
--

LOCK TABLES `owner_regions` WRITE;
/*!40000 ALTER TABLE `owner_regions` DISABLE KEYS */;
INSERT INTO `owner_regions` VALUES (1,0,'–ê–¥–º–∏–Ω–∏—Å—Ç—Ä–∞—Ç–æ—Ä'),(2,1,'–ì–ü–ö'),(3,2,'–ü–æ–ª–æ—Ü–∫'),(4,2,'–°–º–æ—Ä–≥–æ–Ω—å'),(5,2,'–õ–∏–¥–∞'),(6,2,'–ì—Ä–æ–¥–Ω–æ'),(7,2,'–ë—Ä–µ—Å—Ç'),(8,2,'–ü–∏–Ω—Å–∫'),(9,2,'–ú–æ–∑—ã—Ä—å'),(10,2,'–ì–æ–º–µ–ª—å'),(11,2,'–û–ü'),(12,2,'–û–°');
/*!40000 ALTER TABLE `owner_regions` ENABLE KEYS */;
UNLOCK TABLES;

--
-- Table structure for table `rel`
--

DROP TABLE IF EXISTS `rel`;
/*!40101 SET @saved_cs_client     = @@character_set_client */;
/*!50503 SET character_set_client = utf8mb4 */;
CREATE TABLE `rel` (
  `key_id` smallint unsigned NOT NULL,
  `dat` datetime DEFAULT NULL,
  `obj_id_1` tinyint unsigned NOT NULL,
  `rec_id_1` int unsigned NOT NULL,
  `obj_id_2` tinyint unsigned NOT NULL,
  `rec_id_2` int unsigned NOT NULL,
  KEY `ind_key_id` (`key_id`),
  KEY `ind_obj_1` (`obj_id_1`),
  KEY `ind_obj_2` (`obj_id_2`),
  KEY `ind_obj_rec_1` (`obj_id_1`,`rec_id_1`),
  KEY `ind_obj_rec_2` (`obj_id_2`,`rec_id_2`)
) ENGINE=InnoDB DEFAULT CHARSET=utf8 AVG_ROW_LENGTH=4096 ROW_FORMAT=DYNAMIC
/*!50500 PARTITION BY RANGE  COLUMNS(key_id)
(PARTITION p10000 VALUES LESS THAN (10000) ENGINE = InnoDB,
 PARTITION p20000 VALUES LESS THAN (20000) ENGINE = InnoDB,
 PARTITION p30000 VALUES LESS THAN (30000) ENGINE = InnoDB,
 PARTITION p40000 VALUES LESS THAN (40000) ENGINE = InnoDB,
 PARTITION p50000 VALUES LESS THAN (50000) ENGINE = InnoDB,
 PARTITION p60000 VALUES LESS THAN (60000) ENGINE = InnoDB,
 PARTITION pmax VALUES LESS THAN (MAXVALUE) ENGINE = InnoDB) */;
/*!40101 SET character_set_client = @saved_cs_client */;

--
-- Dumping data for table `rel`
--

LOCK TABLES `rel` WRITE;
/*!40000 ALTER TABLE `rel` DISABLE KEYS */;
INSERT INTO `rel` VALUES (32,NULL,25,38,45,30),(32,NULL,25,39,45,33),(32,NULL,25,40,45,32),(32,NULL,25,41,45,32),(32,NULL,25,42,45,32),(33,'2020-04-15 00:00:00',25,33,45,33),(33,'2020-05-04 00:00:00',25,34,45,30),(33,'2020-01-23 00:00:00',25,35,45,31),(33,'2020-06-03 00:00:00',25,36,45,33),(33,'2020-07-03 00:00:00',25,37,45,31),(32,'2020-01-07 00:00:00',25,43,45,30),(34,'2020-01-08 00:00:00',25,44,45,31),(34,'2020-01-08 00:00:00',25,45,45,33),(34,'2020-04-10 00:00:00',25,46,45,31),(34,'2020-01-10 00:00:00',25,47,45,30),(34,'2020-01-10 00:00:00',25,48,45,31),(35,'2020-02-21 00:00:00',25,49,45,32),(35,'2020-05-12 00:00:00',25,50,45,33),(35,'2020-01-13 00:00:00',25,51,45,30),(35,'2020-01-23 00:00:00',25,52,45,33),(35,'2020-07-13 00:00:00',25,53,45,30),(36,'2020-02-14 00:00:00',25,54,45,31),(36,'2020-01-14 00:00:00',25,55,45,32),(36,'2020-03-14 00:00:00',25,56,45,33),(36,'0000-00-00 00:00:00',25,57,45,32),(36,'2020-01-14 00:00:00',25,58,45,31),(41,'2020-05-01 00:00:00',30,42,45,31),(41,'2020-05-05 00:00:00',30,52,45,31),(41,'2020-05-06 00:00:00',30,53,45,31),(41,'2020-05-07 00:00:00',30,54,45,33),(41,'2020-05-01 00:00:00',30,55,45,33),(42,'2020-05-02 00:00:00',30,55,45,31),(42,'2020-05-08 00:00:00',30,56,45,31),(42,'2020-05-09 00:00:00',30,57,45,32),(42,'2020-05-02 00:00:00',30,58,45,33),(43,'2020-05-03 00:00:00',30,52,45,31),(43,'2020-05-04 00:00:00',30,56,45,32),(31,NULL,15,200,30,100),(35,NULL,25,45,45,398),(506,NULL,30,74,50,12);
/*!40000 ALTER TABLE `rel` ENABLE KEYS */;
UNLOCK TABLES;

--
-- Table structure for table `sys_id`
--

DROP TABLE IF EXISTS `sys_id`;
/*!40101 SET @saved_cs_client     = @@character_set_client */;
/*!50503 SET character_set_client = utf8mb4 */;
CREATE TABLE `sys_id` (
  `obj_id` tinyint unsigned NOT NULL,
  `id` int unsigned NOT NULL DEFAULT '0',
  PRIMARY KEY (`obj_id`),
  CONSTRAINT `sys_id__sys_obj` FOREIGN KEY (`obj_id`) REFERENCES `sys_obj` (`id`) ON DELETE CASCADE ON UPDATE CASCADE
) ENGINE=InnoDB DEFAULT CHARSET=utf8 AVG_ROW_LENGTH=1820 ROW_FORMAT=DYNAMIC COMMENT='–°—á–µ—Ç—á–∏–∫ id –æ–±—ä–µ–∫—Ç–æ–≤';
/*!40101 SET character_set_client = @saved_cs_client */;

--
-- Dumping data for table `sys_id`
--

LOCK TABLES `sys_id` WRITE;
/*!40000 ALTER TABLE `sys_id` DISABLE KEYS */;
INSERT INTO `sys_id` VALUES (10,32),(15,6),(20,0),(25,1),(30,51),(35,0),(40,0),(45,1),(50,1);
/*!40000 ALTER TABLE `sys_id` ENABLE KEYS */;
UNLOCK TABLES;

--
-- Table structure for table `sys_key`
--

DROP TABLE IF EXISTS `sys_key`;
/*!40101 SET @saved_cs_client     = @@character_set_client */;
/*!50503 SET character_set_client = utf8mb4 */;
CREATE TABLE `sys_key` (
  `id` smallint unsigned NOT NULL AUTO_INCREMENT,
  `obj_id` tinyint unsigned NOT NULL,
  `col` tinyint(1) NOT NULL DEFAULT '0' COMMENT '—Ç–∞–±–ª–∏—Ü–∞ COL, –∏–Ω–∞—á–µ —Ç–∞–±–ª–∏—Ü–∞ ROW',
  `need` tinyint(1) NOT NULL DEFAULT '0' COMMENT '–æ–±—è–∑–∞—Ç–µ–ª—å–Ω—ã–π –∫–ª—é—á',
  `type_val` enum('number','text','datetime','date','checkbox','geometry') CHARACTER SET utf8 COLLATE utf8_general_ci NOT NULL DEFAULT 'text' COMMENT '—Ç–∏–ø –¥–∞–Ω–Ω—ã—Ö',
  `list_id` mediumint unsigned DEFAULT NULL,
  `name` varchar(25) DEFAULT NULL,
  `title` varchar(50) NOT NULL,
  `hint` varchar(255) DEFAULT NULL COMMENT '–æ—Ç–æ–±—Ä–∞–∂–∞–µ–º–∞—è –ø–æ–¥—Å–∫–∞–∑–∫–∞',
  `descript` varchar(255) DEFAULT NULL,
  `rel_obj_1_id` tinyint unsigned DEFAULT NULL,
  `rel_obj_2_id` tinyint unsigned DEFAULT NULL,
  PRIMARY KEY (`id`),
  UNIQUE KEY `ind_id` (`id`),
  KEY `ind_id_name` (`obj_id`,`name`),
  KEY `ind_list` (`list_id`),
  KEY `ind_rel_obj_1` (`rel_obj_1_id`),
  KEY `ind_rel_obj_2` (`rel_obj_2_id`),
  CONSTRAINT `ind_list` FOREIGN KEY (`list_id`) REFERENCES `sys_list_top` (`id`) ON DELETE CASCADE ON UPDATE CASCADE,
  CONSTRAINT `ind_obj` FOREIGN KEY (`obj_id`) REFERENCES `sys_obj` (`id`) ON DELETE CASCADE ON UPDATE CASCADE,
  CONSTRAINT `ind_rel_obj_1` FOREIGN KEY (`rel_obj_1_id`) REFERENCES `sys_obj` (`id`) ON DELETE CASCADE ON UPDATE CASCADE,
  CONSTRAINT `ind_rel_obj_2` FOREIGN KEY (`rel_obj_2_id`) REFERENCES `sys_obj` (`id`) ON DELETE CASCADE ON UPDATE CASCADE
) ENGINE=InnoDB AUTO_INCREMENT=50019 DEFAULT CHARSET=utf8 AVG_ROW_LENGTH=2048 ROW_FORMAT=DYNAMIC;
/*!40101 SET character_set_client = @saved_cs_client */;

--
-- Dumping data for table `sys_key`
--

LOCK TABLES `sys_key` WRITE;
/*!40000 ALTER TABLE `sys_key` DISABLE KEYS */;
INSERT INTO `sys_key` VALUES (31,1,0,0,'text',NULL,'photo_panorama','photo_panorama',NULL,NULL,NULL,NULL),(32,1,0,0,'text',NULL,'ngg_smoke','ngg_smoke',NULL,NULL,NULL,NULL),(33,1,0,0,'text',NULL,'ngg_migrate','ngg_migrate',NULL,NULL,NULL,NULL),(34,1,0,0,'text',NULL,'ngg_tmc','ngg_tmc',NULL,NULL,NULL,NULL),(35,1,0,0,'text',NULL,'ngg_opg','ngg_opg',NULL,NULL,NULL,NULL),(36,1,0,0,'text',NULL,'ngg_npr','ngg_npr',NULL,NULL,NULL,NULL),(41,1,0,0,'text',NULL,'arial_1','arial_1',NULL,NULL,NULL,NULL),(42,1,0,0,'text',NULL,'arial_2','arial_2',NULL,NULL,NULL,NULL),(43,1,0,0,'text',NULL,'arial_3','arial_3',NULL,NULL,NULL,NULL),(80,10,0,0,'text',NULL,'test_free_30','test_free_30',NULL,NULL,NULL,NULL),(81,30,0,0,'text',NULL,'test_geo_color','test_geo_color',NULL,NULL,NULL,NULL),(501,1,0,0,'text',NULL,NULL,'–î–µ–ª–æ/–æ–±—ä–µ–¥–∏–Ω–µ–Ω–∏–µ',NULL,NULL,45,NULL),(502,1,0,0,'text',NULL,NULL,'–î–µ–ª–æ/–≤—ã–¥–µ–ª–µ–Ω–∏–µ',NULL,NULL,45,NULL),(506,1,0,0,'text',NULL,NULL,'–î–µ–ª–æ/–ø—Ä–∏–Ω—è—Ç–∏–µ –∫ –ø—Ä–æ–∏–∑–≤–æ–¥—Å—Ç–≤—É',NULL,NULL,45,35),(1001,1,0,0,'text',NULL,NULL,'–î–û–£/–æ–ø–µ—Ä–∞—Ç–∏–≤–Ω–∞—è –∫–∞—Ç–µ–≥–æ—Ä–∏—è –ª–∏—Ü–∞/–æ—Ä–≥–∞–Ω–∏–∑–∞—Ç–æ—Ä',NULL,NULL,35,45),(1002,1,0,0,'text',NULL,NULL,'–î–û–£/–æ–ø–µ—Ä–∞—Ç–∏–≤–Ω–∞—è –∫–∞—Ç–µ–≥–æ—Ä–∏—è –ª–∏—Ü–∞/–∏—Å–ø–æ–ª–Ω–∏—Ç–µ–ª—å',NULL,NULL,35,45),(1003,1,0,0,'text',NULL,NULL,'–î–û–£/–æ–ø–µ—Ä–∞—Ç–∏–≤–Ω–∞—è –∫–∞—Ç–µ–≥–æ—Ä–∏—è –ª–∏—Ü–∞/–ø–æ—Å–æ–±–Ω–∏–∫',NULL,NULL,35,45),(1101,1,0,0,'text',NULL,NULL,'–ó–∞–¥–µ—Ä–∂–∞–Ω–∏–µ (–ö–æ–ê–ü)/–Ω–∞—á–∞–ª–æ',NULL,NULL,35,45),(1102,1,0,0,'text',NULL,NULL,'–ó–∞–¥–µ—Ä–∂–∞–Ω–∏–µ (–£–ü–ö)/–Ω–∞—á–∞–ª–æ',NULL,NULL,35,45),(1201,1,0,0,'text',NULL,NULL,'–ê–≤—Ç–æ –§–õ/–≤–ª–∞–¥–µ–Ω–∏–µ/–Ω–∞—á–∞–ª–æ',NULL,NULL,35,50),(1202,1,0,0,'text',NULL,NULL,'–ê–≤—Ç–æ –§–õ/–≤–ª–∞–¥–µ–Ω–∏–µ/–∫–æ–Ω–µ—Ü',NULL,NULL,35,50),(1301,1,0,0,'text',NULL,NULL,'–£—á–µ–±–∞/–ø–æ—Å—Ç—É–ø–ª–µ–Ω–∏–µ',NULL,NULL,35,40),(1302,1,0,0,'text',NULL,NULL,'–£—á–µ–±–∞/–æ—Ç—á–∏—Å–ª–µ–Ω–∏–µ',NULL,NULL,35,40),(1303,1,0,0,'text',NULL,NULL,'–£—á–µ–±–∞/–∑–∞–≤–µ—Ä—à–µ–Ω–∏–µ',NULL,NULL,35,40),(1304,1,0,1,'text',NULL,NULL,'–†–∞–±–æ—Ç–∞/–Ω–∞—á–∞–ª–æ',NULL,NULL,35,40),(1305,1,0,0,'text',NULL,NULL,'–†–∞–±–æ—Ç–∞/–∫–æ–Ω–µ—Ü',NULL,NULL,35,40),(1306,1,0,0,'text',NULL,NULL,'–û—Ç–ø—É—Å–∫/–Ω–∞—á–∞–ª–æ',NULL,NULL,35,40),(1307,1,0,0,'text',NULL,NULL,'–û—Ç–ø—É—Å–∫/–∫–æ–Ω–µ—Ü',NULL,NULL,35,40),(10000,10,0,0,'text',NULL,'owner_add_rw','–í–ª–∞–¥–µ–ª–µ—Ü: –¥–æ–±–∞–≤–∏—Ç—å —á—Ç–µ–Ω–∏–µ/–∑–∞–ø–∏—Å—å',NULL,'! –°–ü–ï–¶–ò–ê–õ–¨–ù–´–ô –ö–õ–Æ–ß !',NULL,NULL),(10001,10,0,0,'text',NULL,'owner_add_ro','–í–ª–∞–¥–µ–ª–µ—Ü: –¥–æ–±–∞–≤–∏—Ç—å —Ç–æ–ª—å–∫–æ —á—Ç–µ–Ω–∏–µ',NULL,'! –°–ü–ï–¶–ò–ê–õ–¨–ù–´–ô –ö–õ–Æ–ß !',NULL,NULL),(10002,10,0,0,'text',NULL,'owner_add_ro_limit','–í–ª–∞–¥–µ–ª–µ—Ü: –¥–æ–±–∞–≤–∏—Ç—å —Ç–æ–ª—å–∫–æ —á—Ç–µ–Ω–∏–µ –Ω–∞ –ø–µ—Ä–∏–æ–¥',NULL,'! –°–ü–ï–¶–ò–ê–õ–¨–ù–´–ô –ö–õ–Æ–ß !',NULL,NULL),(10003,10,0,0,'text',NULL,'owner_del','–í–ª–∞–¥–µ–ª–µ—Ü: –∑–∞–ø—Ä–µ—Ç–∏—Ç—å –¥–æ—Å—Ç—É–ø',NULL,'! –°–ü–ï–¶–ò–ê–õ–¨–ù–´–ô –ö–õ–Æ–ß !',NULL,NULL),(10010,10,0,0,'text',NULL,'test_free_30','test_free_30',NULL,NULL,NULL,NULL),(15000,15,0,1,'text',NULL,'owner_add_rw','–í–ª–∞–¥–µ–ª–µ—Ü: –¥–æ–±–∞–≤–∏—Ç—å —á—Ç–µ–Ω–∏–µ/–∑–∞–ø–∏—Å—å',NULL,'! –°–ü–ï–¶–ò–ê–õ–¨–ù–´–ô –ö–õ–Æ–ß !',NULL,NULL),(15001,15,0,0,'text',NULL,'owner_add_ro','–í–ª–∞–¥–µ–ª–µ—Ü: –¥–æ–±–∞–≤–∏—Ç—å —Ç–æ–ª—å–∫–æ —á—Ç–µ–Ω–∏–µ',NULL,'! –°–ü–ï–¶–ò–ê–õ–¨–ù–´–ô –ö–õ–Æ–ß !',NULL,NULL),(15002,15,0,0,'text',NULL,'owner_add_ro_limit','–í–ª–∞–¥–µ–ª–µ—Ü: –¥–æ–±–∞–≤–∏—Ç—å —Ç–æ–ª—å–∫–æ —á—Ç–µ–Ω–∏–µ –Ω–∞ –ø–µ—Ä–∏–æ–¥',NULL,'! –°–ü–ï–¶–ò–ê–õ–¨–ù–´–ô –ö–õ–Æ–ß !',NULL,NULL),(15003,15,0,0,'text',NULL,'owner_del','–í–ª–∞–¥–µ–ª–µ—Ü: –∑–∞–ø—Ä–µ—Ç–∏—Ç—å –¥–æ—Å—Ç—É–ø',NULL,'! –°–ü–ï–¶–ò–ê–õ–¨–ù–´–ô –ö–õ–Æ–ß !',NULL,NULL),(15010,15,1,1,'text',NULL,'type','–¢–∏–ø',NULL,NULL,NULL,NULL),(15011,15,1,1,'text',NULL,'path','–ü—É—Ç—å',NULL,NULL,NULL,NULL),(25202,25,1,0,'text',NULL,'lat','–®–∏—Ä–æ—Ç–∞',NULL,NULL,NULL,NULL),(25203,25,1,0,'text',NULL,'lon','–î–æ–ª–≥–æ—Ç–∞',NULL,NULL,NULL,NULL),(25204,25,1,0,'text',NULL,'address','–ê–¥—Ä–µ—Å',NULL,NULL,NULL,NULL),(30301,30,1,0,'text',NULL,'icon','–ò–∫–æ–Ω–∫–∞',NULL,NULL,NULL,NULL),(30302,30,1,0,'text',NULL,'parent_id','–ì—Ä—É–ø–ø–∞',NULL,NULL,NULL,NULL),(30303,30,1,0,'text',NULL,'name','–ù–∞–∑–≤–∞–Ω–∏–µ',NULL,NULL,NULL,NULL),(30304,30,1,0,'geometry',NULL,'location','–õ–æ–∫–∞—Ü–∏—è',NULL,NULL,NULL,NULL),(35001,35,1,1,'text',NULL,'fio','–§–ò–û','–§–∞–º–∏–ª–∏—è, –∏–º—è, –æ—Ç—á–µ—Å—Ç–≤–æ',NULL,NULL,NULL),(35002,35,1,0,'text',NULL,'birth_day','–î–∞—Ç–∞ —Ä–æ–∂–¥–µ–Ω–∏—è',NULL,NULL,NULL,NULL),(35003,35,1,0,'text',2,'sex','–ü–æ–ª',NULL,NULL,NULL,NULL),(35004,35,1,1,'text',1,'citizenship','–ì—Ä–∞–∂–¥–∞–Ω—Å—Ç–≤–æ',NULL,NULL,NULL,NULL),(35005,35,1,0,'text',19,'nationality','–ù–∞—Ü–∏–æ–Ω–∞–ª—å–Ω–æ—Å—Ç—å',NULL,NULL,NULL,NULL),(35006,35,0,0,'text',NULL,'photo ??????','–§–æ—Ç–æ –ª–∏—Ü–∞',NULL,'–í —Å–≤–∑—è—å',NULL,NULL),(35007,35,1,0,'text',NULL,'birth_place','–ú–µ—Å—Ç–æ —Ä–æ–∂–¥–µ–Ω–∏—è',NULL,NULL,NULL,NULL),(35008,35,0,0,'text',NULL,'residence','–ú–µ—Å—Ç–æ –∂–∏—Ç–µ–ª—å—Å—Ç–≤–∞',NULL,'–í —Å–≤–∑—è—å',NULL,NULL),(35009,35,0,0,'text',NULL,'work????','–ú–µ—Å—Ç–æ —Ä–∞–±–æ—Ç—ã',NULL,'–í —Å–≤–∑—è—å',NULL,NULL),(35010,35,0,0,'text',NULL,'ident_doc','ID-–¥–æ–∫—É–º–µ–Ω—Ç',NULL,NULL,NULL,NULL),(35011,35,0,0,'text',NULL,'migrant','–ù–µ–∑–∞–∫–æ–Ω–Ω—ã–π –º–∏–≥—Ä–∞–Ω—Ç',NULL,'–í —Å–≤–∑—è—å',NULL,NULL),(35012,35,0,0,'text',NULL,'fio_dop','–§–ò–û –¥–æ–ø',NULL,NULL,NULL,NULL),(35013,35,0,0,'text',NULL,'status_social','–°–æ—Ü–∏–∞–ª—å–Ω–æ–µ –ø–æ–ª–æ–∂–µ–Ω–∏–µ',NULL,NULL,NULL,NULL),(35014,35,0,0,'text',NULL,'status_marital','–°–µ–º–µ–π–Ω–æ–µ –ø–æ–ª–æ–∂–µ–Ω–∏–µ',NULL,'—Å–ª–æ–≤–∞—Ä—å',NULL,NULL),(35015,35,1,0,'text',3,'education','–û–±—Ä–∞–∑–æ–≤–∞–Ω–∏–µ',NULL,NULL,NULL,NULL),(35016,35,0,0,'text',NULL,'public_association','–ü—Ä–∏–Ω–∞–¥–ª–µ–∂–Ω–æ—Å—Ç—å –∫ –ø–∞—Ä—Ç–∏—è–º',NULL,NULL,NULL,NULL),(35017,35,0,0,'text',NULL,'language_skills','–ó–Ω–∞–Ω–∏–µ –∏–Ω–æ—Å—Ç—Ä–∞–Ω–Ω—ã—Ö —è–∑—ã–∫–æ–≤',NULL,'—Å–ª–æ–≤–∞—Ä—å',NULL,NULL),(35020,35,0,0,'text',NULL,'conviction????','–°—É–¥–∏–º–æ—Å—Ç—å',NULL,'—Å–ª–æ–≤–∞—Ä—å',NULL,NULL),(35021,35,0,0,'text',NULL,'alias','–ü—Å–µ–≤–¥–æ–Ω–∏–º (–∫–ª–∏—á–∫–∞)',NULL,NULL,NULL,NULL),(35022,35,0,0,'text',NULL,'special_signs','–û—Å–æ–±—ã–µ –ø—Ä–∏–º–µ—Ç—ã',NULL,NULL,NULL,NULL),(35023,35,0,0,'text',NULL,NULL,'–û–ü–°: –ø–æ–¥—Ä–∞–∑–¥–µ–ª–µ–Ω–∏–µ',NULL,NULL,NULL,NULL),(35997,35,0,0,'text',NULL,'position','–û–ü–°/–î–æ–ª–∂–Ω–æ—Å—Ç—å','–¢–æ–ª—å–∫–æ –¥–ª—è —Å–æ—Ç—Ä—É–¥–Ω–∏–∫–æ–≤ –û–ü–°','—Å–ª–æ–≤–∞—Ä—å+—É—à–µ–ª',NULL,NULL),(35998,35,0,0,'text',NULL,NULL,'–û–ü–°/–°—Ç—Ä—É–∫—Ç—É—Ä–Ω–æ–µ –ø–æ–¥—Ä–∞–∑–¥–µ–ª–µ–Ω–∏–µ',NULL,'—Å–ª–æ–≤–∞—Ä—å+—É—à–µ–ª',NULL,NULL),(35999,35,0,0,'text',NULL,'rank','–û–ü–°/–í–æ–∏–Ω—Å–∫–æ–µ –∑–≤–∞–Ω–∏–µ',NULL,'—Å–ª–æ–≤–∞—Ä—å',NULL,NULL),(40101,40,1,1,'text',NULL,'name','–ù–∞–∑–≤–∞–Ω–∏–µ –ø–æ–ª–Ω–æ–µ',NULL,NULL,NULL,NULL),(40102,40,0,0,'text',NULL,'address','–Æ—Ä–∏–¥–∏—á–µ—Å–∫–∏–π –∞–¥—Ä–µ—Å ',NULL,NULL,NULL,NULL),(40103,40,0,0,'text',NULL,'name_dop','–ù–∞–∑–≤–∞–Ω–∏–µ –¥–æ–ø',NULL,NULL,NULL,NULL),(40104,40,0,0,'text',NULL,'type','–í–∏–¥',NULL,NULL,NULL,NULL),(40105,40,0,0,'text',NULL,'ownership','–§–æ—Ä–º–∞ —Å–æ–±—Å—Ç–≤–µ–Ω–Ω–æ—Å—Ç–∏',NULL,'—Å–ª–æ–≤–∞—Ä—å',NULL,NULL),(40106,40,0,0,'text',NULL,'activity','–†–æ–¥ –¥–µ—è—Ç–µ–ª—å–Ω–æ—Å—Ç–∏',NULL,NULL,NULL,NULL),(40107,40,0,0,'text',NULL,'descript','–û–ø–µ—Ä–∞—Ç–∏–≤–Ω–∞—è —Ö–∞—Ä–∞–∫—Ç–µ—Ä–∏—Å—Ç–∏–∫–∞ –æ—Ä–≥–∞–Ω–∏–∑–∞—Ü–∏–∏',NULL,NULL,NULL,NULL),(40108,40,0,0,'text',NULL,'representation','–ü—Ä–µ–¥—Å—Ç–∞–≤–∏—Ç–µ–ª—å—Å—Ç–≤–æ',NULL,NULL,NULL,NULL),(40109,40,0,0,'text',NULL,'representation????','–ê–¥—Ä–µ—Å –ø—Ä–µ–¥—Å—Ç–∞–≤–∏—Ç–µ–ª—å—Å—Ç–≤–∞',NULL,'????',NULL,NULL),(40110,40,0,0,'text',NULL,'telephone ????','–¢–µ–ª–µ—Ñ–æ–Ω',NULL,'????? —Å–≤—è–∑—å',NULL,NULL),(40111,40,0,0,'text',NULL,'transport','–¢—Ä–∞–Ω—Å–ø–æ—Ä—Ç',NULL,'???? —Å–≤—è–∑—å',NULL,NULL),(40112,40,0,0,'text',NULL,'source_information','–ò—Å—Ç–æ—á–Ω–∏–∫ —Å–≤–µ–¥–µ–Ω–∏–π',NULL,'—Å–ª–æ–≤–∞—Ä—å ???? —É–¥–∞–ª–∏—Ç—å',NULL,NULL),(40113,40,0,0,'text',NULL,NULL,'–£—á–µ–±–Ω–æ–µ –∑–∞–≤–µ–¥–µ–Ω–∏–µ –≥—Ä–∞–∂–¥–∞–Ω—Å–∫–æ–µ',NULL,NULL,NULL,NULL),(40114,40,0,0,'text',NULL,NULL,'–£—á–µ–±–Ω–æ–µ –∑–∞–≤–µ–¥–µ–Ω–∏–µ –≤–æ–µ–Ω–Ω–æ–µ',NULL,NULL,NULL,NULL),(45000,45,0,0,'text',NULL,'owner_add_rw','–í–ª–∞–¥–µ–ª–µ—Ü: –¥–æ–±–∞–≤–∏—Ç—å —á—Ç–µ–Ω–∏–µ/–∑–∞–ø–∏—Å—å',NULL,'! –°–ü–ï–¶–ò–ê–õ–¨–ù–´–ô –ö–õ–Æ–ß !',NULL,NULL),(45001,45,0,0,'text',NULL,'owner_add_ro','–í–ª–∞–¥–µ–ª–µ—Ü: –¥–æ–±–∞–≤–∏—Ç—å —Ç–æ–ª—å–∫–æ —á—Ç–µ–Ω–∏–µ',NULL,'! –°–ü–ï–¶–ò–ê–õ–¨–ù–´–ô –ö–õ–Æ–ß !',NULL,NULL),(45002,45,0,0,'text',NULL,'owner_add_ro_limit','–í–ª–∞–¥–µ–ª–µ—Ü: –¥–æ–±–∞–≤–∏—Ç—å —Ç–æ–ª—å–∫–æ —á—Ç–µ–Ω–∏–µ –Ω–∞ –ø–µ—Ä–∏–æ–¥',NULL,'! –°–ü–ï–¶–ò–ê–õ–¨–ù–´–ô –ö–õ–Æ–ß !',NULL,NULL),(45003,45,0,0,'text',NULL,'owner_del','–í–ª–∞–¥–µ–ª–µ—Ü: –∑–∞–ø—Ä–µ—Ç–∏—Ç—å –¥–æ—Å—Ç—É–ø',NULL,'! –°–ü–ï–¶–ò–ê–õ–¨–ù–´–ô –ö–õ–Æ–ß !',NULL,NULL),(45501,45,0,1,'text',NULL,'type','–í–∏–¥ –¥–µ–ª–∞',NULL,'—Å–ª–æ–≤–∞—Ä—å –î–û–£+–£–î+–ê–î',NULL,NULL),(45502,45,0,0,'text',NULL,NULL,'–°—Ç–∞—Ç—å—è/–Ω–∞—á–∞–ª–æ',NULL,'—Å–ª–æ–≤–∞—Ä—å, —Å–¥–µ–ª–∞—Ç—å —Å–ª–æ–≤–∞—Ä—å –æ–∫—Ä–∞—Å–∫–∏ –∏ –ª–∏–Ω–∏–∏',NULL,NULL),(45503,45,0,0,'text',NULL,NULL,'–°—Ç–∞—Ç—å—è/–∫–æ–Ω–µ—Ü',NULL,'—Å–ª–æ–≤–∞—Ä—å',NULL,NULL),(45505,45,0,0,'text',NULL,NULL,'–û–ø–∏—Å–∞–Ω–∏–µ',NULL,'–ù–æ–º–µ—Ä, –∞—Ä—Ö–∏–≤–Ω—ã–π –Ω–æ–º–µ—Ä, –æ–ø–∏—Å–∞–Ω–∏–µ, —Å—É—Ç—å –º–∞—Ç–µ—Ä–∏–∞–ª–æ–≤, –ø–æ–º–µ—Ç–∫–∏',NULL,NULL),(45515,45,0,1,'text',NULL,NULL,'–£–Ω–∏—á—Ç–æ–∂–µ–Ω–æ',NULL,'? –≤ –æ–ø–∏—Å–∞–Ω–∏–µ',NULL,NULL),(45520,45,0,0,'text',NULL,NULL,'–î–≤–∏–∂–µ–Ω–∏–µ/–∑–∞–≤–µ–¥–µ–Ω–∏–µ (–≤–æ–∑–±—É–∂–¥–µ–Ω–∏–µ)',NULL,NULL,45,NULL),(45521,45,0,0,'text',NULL,NULL,'–î–≤–∏–∂–µ–Ω–∏–µ/–ø—Ä–æ–¥–ª–µ–Ω–∏–µ',NULL,NULL,45,NULL),(45522,45,0,0,'text',NULL,NULL,'–î–≤–∏–∂–µ–Ω–∏–µ/–ø—Ä–∏–æ—Å—Ç–∞–Ω–æ–≤–ª–µ–Ω–∏–µ',NULL,NULL,45,NULL),(45523,45,0,0,'text',NULL,NULL,'–î–≤–∏–∂–µ–Ω–∏–µ/–≤–æ–∑–æ–±–Ω–æ–≤–ª–µ–Ω–∏–µ',NULL,NULL,45,NULL),(45524,45,0,0,'text',NULL,NULL,'–î–≤–∏–∂–µ–Ω–∏–µ/–ø—Ä–µ–∫—Ä–∞—â–µ–Ω–∏–µ',NULL,'???',45,NULL),(45525,45,0,0,'text',NULL,NULL,'–î–≤–∏–∂–µ–Ω–∏–µ/–ø—Ä–µ–∫—Ä–∞—â–µ–Ω–∏–µ –æ—Å–Ω–æ–≤–∞–Ω–∏–µ',NULL,NULL,45,NULL),(50001,50,1,1,'text',NULL,'brand','–ú–∞—Ä–∫–∞',NULL,NULL,NULL,NULL),(50002,50,1,0,'text',NULL,'model','–ú–æ–¥–µ–ª—å',NULL,NULL,NULL,NULL),(50004,50,1,0,'text',NULL,'type','–í–∏–¥ —Ç—Ä–∞–Ω—Å–ø–æ—Ä—Ç–∞',NULL,'—Å–ª–æ–≤–∞—Ä—å',NULL,NULL),(50005,50,1,0,'text',NULL,'number','–†–µ–≥.–Ω–æ–º–µ—Ä',NULL,NULL,NULL,NULL),(50006,50,1,0,'text',NULL,'category','–ö–∞—Ç–µ–≥–æ—Ä–∏—è —Ç—Ä–∞–Ω—Å–ø–æ—Ä—Ç–∞',NULL,'—Å–ª–æ–≤–∞—Ä—å',NULL,NULL),(50007,50,0,0,'text',NULL,'money','–°—É–º–º–∞ –æ—Ü–µ–Ω–∫–∏',NULL,'?????',NULL,NULL),(50008,50,1,0,'text',NULL,'country','–°—Ç—Ä–∞–Ω–∞',NULL,'—Å–ª–æ–≤–∞—Ä—å',NULL,NULL),(50009,50,0,0,'text',NULL,'photo????','–§–æ—Ç–æ –∞–≤—Ç–æ–º–æ–±–∏–ª—è',NULL,'–í —Å–≤–∑—è—å',NULL,NULL),(50010,50,1,0,'text',NULL,'vin','VIN',NULL,NULL,NULL,NULL),(50011,50,1,0,'text',NULL,'manufacture','–ì–æ–¥ –≤—ã–ø—É—Å–∫–∞',NULL,'—Å–ª–æ–≤–∞—Ä—å',NULL,NULL),(50012,50,0,0,'text',NULL,'route???','–ù–æ–º–µ—Ä –ø–æ–µ–∑–¥–∞, —Ä–µ–π—Å–∞ —Å–∞–º–æ–ª–µ—Ç–∞, –∞–≤—Ç–æ–±—É—Å–∞',NULL,'????',NULL,NULL),(50013,50,0,0,'text',NULL,'route','–ú–∞—Ä—à—Ä—É—Ç –ø–æ–µ–∑–¥–∞, —Å–∞–º–æ–ª–µ—Ç–∞, –∞–≤—Ç–æ–±—É—Å–∞',NULL,'—Å–ª–æ–≤–∞—Ä—å',NULL,NULL),(50014,50,0,0,'text',NULL,'number_carriage','–ù–æ–º–µ—Ä –≤–∞–≥–æ–Ω–∞',NULL,NULL,NULL,NULL),(50015,50,0,0,'text',NULL,'color','–¶–≤–µ—Ç',NULL,NULL,NULL,NULL),(50016,50,0,0,'text',NULL,'measures ????','–ü—Ä–∏–Ω—è—Ç—ã–µ –º–µ—Ä—ã',NULL,'—Å–ª–æ–≤–∞—Ä—å, ???????',NULL,NULL),(50018,1,1,0,'geometry',NULL,'border_guard_fail','–Ω–µ–∑–∞–∫–æ–Ω–Ω—ã–π –ø–µ—Ä–µ—Ö–æ–¥ –≥—Ä–∞–Ω–∏—Ü—ã','–≥–¥–µ –Ω–∞—Ä—É—à–∏–ª–∏ –≥—Ä–∞–Ω–∏—Ü—É','-',45,35);
/*!40000 ALTER TABLE `sys_key` ENABLE KEYS */;
UNLOCK TABLES;

--
-- Table structure for table `sys_list_dop`
--

DROP TABLE IF EXISTS `sys_list_dop`;
/*!40101 SET @saved_cs_client     = @@character_set_client */;
/*!50503 SET character_set_client = utf8mb4 */;
CREATE TABLE `sys_list_dop` (
  `key_id` mediumint unsigned NOT NULL,
  `val` varchar(255) NOT NULL,
  `dat_from` date DEFAULT NULL,
  `dat_to` date DEFAULT NULL,
  `id` int NOT NULL AUTO_INCREMENT,
  PRIMARY KEY (`id`),
  KEY `ind_id` (`key_id`),
  CONSTRAINT `ind_id_id` FOREIGN KEY (`key_id`) REFERENCES `sys_list_top` (`id`) ON DELETE CASCADE ON UPDATE CASCADE
) ENGINE=InnoDB AUTO_INCREMENT=456 DEFAULT CHARSET=utf8 AVG_ROW_LENGTH=117 ROW_FORMAT=DYNAMIC;
/*!40101 SET character_set_client = @saved_cs_client */;

--
-- Dumping data for table `sys_list_dop`
--

LOCK TABLES `sys_list_dop` WRITE;
/*!40000 ALTER TABLE `sys_list_dop` DISABLE KEYS */;
INSERT INTO `sys_list_dop` VALUES (1,'–ê–≤—Å—Ç—Ä–∞–ª–∏—è',NULL,NULL,1),(1,'–ê–≤—Å—Ç—Ä–∏—è',NULL,NULL,2),(1,'–ê–∑–µ—Ä–±–∞–π–¥–∂–∞–Ω',NULL,NULL,3),(1,'–ê–ª–∞–Ω–¥—Å–∫–∏–µ –æ—Å—Ç—Ä–æ–≤–∞',NULL,NULL,4),(1,'–ê–ª–±–∞–Ω–∏—è',NULL,NULL,5),(1,'–ê–ª–∂–∏—Ä',NULL,NULL,6),(1,'–ê–º–µ—Ä–∏–∫–∞–Ω—Å–∫–æ–µ –°–∞–º–æ–∞',NULL,NULL,7),(1,'–ê–Ω–≥–∏–ª—å—è',NULL,NULL,8),(1,'–ê–Ω–≥–æ–ª–∞',NULL,NULL,9),(1,'–ê–Ω–¥–æ—Ä—Ä–∞',NULL,NULL,10),(1,'–ê–Ω—Ç–∏–≥—É–∞ –∏ –ë–∞—Ä–±—É–¥–∞',NULL,NULL,11),(1,'–ê—Ä–≥–µ–Ω—Ç–∏–Ω–∞',NULL,NULL,12),(1,'–ê—Ä–º–µ–Ω–∏—è',NULL,NULL,13),(1,'–ê—Ä—É–±–∞',NULL,NULL,14),(1,'–ê—Ñ–≥–∞–Ω–∏—Å—Ç–∞–Ω',NULL,NULL,15),(1,'–ë–∞–≥–∞–º—ã',NULL,NULL,16),(1,'–ë–∞–Ω–≥–ª–∞–¥–µ—à',NULL,NULL,17),(1,'–ë–∞—Ä–±–∞–¥–æ—Å',NULL,NULL,18),(1,'–ë–∞—Ö—Ä–µ–π–Ω',NULL,NULL,19),(1,'–ë–µ–ª–∞—Ä—É—Å—å',NULL,NULL,20),(1,'–ë–µ–ª–∏–∑',NULL,NULL,21),(1,'–ë–µ–ª—å–≥–∏—è',NULL,NULL,22),(1,'–ë–µ–Ω–∏–Ω',NULL,NULL,23),(1,'–ë–µ—Ä–º—É–¥—ã',NULL,NULL,24),(1,'–ë–æ–ª–≥–∞—Ä–∏—è',NULL,NULL,25),(1,'–ë–æ–ª–∏–≤–∏—è, –ú–Ω–æ–≥–æ–Ω–∞—Ü–∏–æ–Ω–∞–ª—å–Ω–æ–µ –ì–æ—Å—É–¥–∞—Ä—Å—Ç–≤–æ ',NULL,NULL,26),(1,'–ë–æ–Ω—ç–π—Ä, –°–∏–Ω—Ç-–≠—Å—Ç–∞—Ç–∏—É—Å –∏ –°–∞–±–∞',NULL,NULL,27),(1,'–ë–æ—Å–Ω–∏—è –∏ –ì–µ—Ä—Ü–µ–≥–æ–≤–∏–Ω–∞',NULL,NULL,28),(1,'–ë–æ—Ç—Å–≤–∞–Ω–∞',NULL,NULL,29),(1,'–ë—Ä–∞–∑–∏–ª–∏—è',NULL,NULL,30),(1,'–ë—Ä—É–Ω–µ–π-–î–∞—Ä—É—Å—Å–∞–ª–∞–º',NULL,NULL,31),(1,'–ë—É—Ä–∫–∏–Ω–∞-–§–∞—Å–æ',NULL,NULL,32),(1,'–ë—É—Ä—É–Ω–¥–∏',NULL,NULL,33),(1,'–ë—É—Ç–∞–Ω',NULL,NULL,34),(1,'–í–∞–Ω—É–∞—Ç—É',NULL,NULL,35),(1,'–í–µ–Ω–≥—Ä–∏—è',NULL,NULL,36),(1,'–í–µ–Ω–µ—Å—É—ç–ª–∞, –ë–æ–ª–∏–≤–∞—Ä–∏–∞–Ω—Å–∫–∞—è –†–µ—Å–ø—É–±–ª–∏–∫–∞ ',NULL,NULL,37),(1,'–í–∏—Ä–≥–∏–Ω—Å–∫–∏–µ –û—Å—Ç—Ä–æ–≤–∞, –ë—Ä–∏—Ç–∞–Ω—Å–∫–∏–µ',NULL,NULL,38),(1,'–í–∏—Ä–≥–∏–Ω—Å–∫–∏–µ –û—Å—Ç—Ä–æ–≤–∞, –°–®–ê',NULL,NULL,39),(1,'–í—å–µ—Ç–Ω–∞–º',NULL,NULL,40),(1,'–ì–∞–±–æ–Ω',NULL,NULL,41),(1,'–ì–∞–∏—Ç–∏',NULL,NULL,42),(1,'–ì–∞–π–∞–Ω–∞',NULL,NULL,43),(1,'–ì–∞–º–±–∏—è',NULL,NULL,44),(1,'–ì–∞–Ω–∞',NULL,NULL,45),(1,'–ì–≤–∞–¥–µ–ª—É–ø–∞',NULL,NULL,46),(1,'–ì–≤–∞—Ç–µ–º–∞–ª–∞',NULL,NULL,47),(1,'–ì–≤–∏–Ω–µ—è',NULL,NULL,48),(1,'–ì–≤–∏–Ω–µ—è-–ë–∏—Å–∞—É',NULL,NULL,49),(1,'–ì–µ—Ä–º–∞–Ω–∏—è',NULL,NULL,50),(1,'–ì–µ—Ä–Ω—Å–∏',NULL,NULL,51),(1,'–ì–∏–±—Ä–∞–ª—Ç–∞—Ä',NULL,NULL,52),(1,'–ì–æ–Ω–¥—É—Ä–∞—Å',NULL,NULL,53),(1,'–ì–æ–Ω–∫–æ–Ω–≥',NULL,NULL,54),(1,'–ì—Ä–µ–Ω–∞–¥–∞',NULL,NULL,55),(1,'–ì—Ä–µ–Ω–ª–∞–Ω–¥–∏—è',NULL,NULL,56),(1,'–ì—Ä–µ—Ü–∏—è',NULL,NULL,57),(1,'–ì—Ä—É–∑–∏—è',NULL,NULL,58),(1,'–ì—É–∞–º',NULL,NULL,59),(1,'–î–∞–Ω–∏—è',NULL,NULL,60),(1,'–î–∂–µ—Ä—Å–∏',NULL,NULL,61),(1,'–î–∂–∏–±—É—Ç–∏',NULL,NULL,62),(1,'–î–æ–º–∏–Ω–∏–∫–∞',NULL,NULL,63),(1,'–î–æ–º–∏–Ω–∏–∫–∞–Ω—Å–∫–∞—è –†–µ—Å–ø—É–±–ª–∏–∫–∞',NULL,NULL,64),(1,'–ï–≥–∏–ø–µ—Ç',NULL,NULL,65),(1,'–ó–∞–º–±–∏—è',NULL,NULL,66),(1,'–ó–∞–ø–∞–¥–Ω–∞—è –°–∞—Ö–∞—Ä–∞',NULL,NULL,67),(1,'–ó–∏–º–±–∞–±–≤–µ',NULL,NULL,68),(1,'–ò–∑—Ä–∞–∏–ª—å',NULL,NULL,69),(1,'–ò–Ω–¥–∏—è',NULL,NULL,70),(1,'–ò–Ω–¥–æ–Ω–µ–∑–∏—è',NULL,NULL,71),(1,'–ò–æ—Ä–¥–∞–Ω–∏—è',NULL,NULL,72),(1,'–ò—Ä–∞–∫',NULL,NULL,73),(1,'–ò—Ä–∞–Ω, –ò—Å–ª–∞–º—Å–∫–∞—è –†–µ—Å–ø—É–±–ª–∏–∫–∞ ',NULL,NULL,74),(1,'–ò—Ä–ª–∞–Ω–¥–∏—è',NULL,NULL,75),(1,'–ò—Å–ª–∞–Ω–¥–∏—è',NULL,NULL,76),(1,'–ò—Å–ø–∞–Ω–∏—è',NULL,NULL,77),(1,'–ò—Ç–∞–ª–∏—è',NULL,NULL,78),(1,'–ô–µ–º–µ–Ω',NULL,NULL,79),(1,'–ö–∞–±–æ-–í–µ—Ä–¥–µ',NULL,NULL,80),(1,'–ö–∞–∑–∞—Ö—Å—Ç–∞–Ω',NULL,NULL,81),(1,'–ö–∞–º–±–æ–¥–∂–∞',NULL,NULL,82),(1,'–ö–∞–º–µ—Ä—É–Ω',NULL,NULL,83),(1,'–ö–∞–Ω–∞–¥–∞',NULL,NULL,84),(1,'–ö–∞—Ç–∞—Ä',NULL,NULL,85),(1,'–ö–µ–Ω–∏—è',NULL,NULL,86),(1,'–ö–∏–ø—Ä',NULL,NULL,87),(1,'–ö–∏—Ä–∏–±–∞—Ç–∏',NULL,NULL,88),(1,'–ö–∏—Ç–∞–π',NULL,NULL,89),(1,'–ö–æ–∫–æ—Å–æ–≤—ã–µ (–ö–∏–ª–∏–Ω–≥) –æ—Å—Ç—Ä–æ–≤–∞',NULL,NULL,90),(1,'–ö–æ–ª—É–º–±–∏—è',NULL,NULL,91),(1,'–ö–æ–º–æ—Ä—ã',NULL,NULL,92),(1,'–ö–æ–Ω–≥–æ',NULL,NULL,93),(1,'–ö–æ–Ω–≥–æ, –î–µ–º–æ–∫—Ä–∞—Ç–∏—á–µ—Å–∫–∞—è –†–µ—Å–ø—É–±–ª–∏–∫–∞',NULL,NULL,94),(1,'–ö–æ—Ä–µ—è, –ù–∞—Ä–æ–¥–Ω–æ-–î–µ–º–æ–∫—Ä–∞—Ç–∏—á–µ—Å–∫–∞—è –†–µ—Å–ø—É–±–ª–∏–∫–∞',NULL,NULL,95),(1,'–ö–æ—Ä–µ—è, –†–µ—Å–ø—É–±–ª–∏–∫–∞',NULL,NULL,96),(1,'–ö–æ—Å—Ç–∞-–†–∏–∫–∞',NULL,NULL,97),(1,'–ö–æ—Ç-–¥‚Äô–ò–≤—É–∞—Ä',NULL,NULL,98),(1,'–ö—É–±–∞',NULL,NULL,99),(1,'–ö—É–≤–µ–π—Ç',NULL,NULL,100),(1,'–ö—ã—Ä–≥—ã–∑—Å—Ç–∞–Ω',NULL,NULL,101),(1,'–ö—é—Ä–∞—Å–∞–æ',NULL,NULL,102),(1,'–õ–∞–æ—Å—Å–∫–∞—è –ù–∞—Ä–æ–¥–Ω–æ-–î–µ–º–æ–∫—Ä–∞—Ç–∏—á–µ—Å–∫–∞—è –†–µ—Å–ø—É–±–ª–∏–∫–∞',NULL,NULL,103),(1,'–õ–∞—Ç–≤–∏—è',NULL,NULL,104),(1,'–õ–µ—Å–æ—Ç–æ',NULL,NULL,105),(1,'–õ–∏–±–µ—Ä–∏—è',NULL,NULL,106),(1,'–õ–∏–≤–∞–Ω',NULL,NULL,107),(1,'–õ–∏–≤–∏—è',NULL,NULL,108),(1,'–õ–∏—Ç–≤–∞',NULL,NULL,109),(1,'–õ–∏—Ö—Ç–µ–Ω—à—Ç–µ–π–Ω',NULL,NULL,110),(1,'–õ—é–∫—Å–µ–º–±—É—Ä–≥',NULL,NULL,111),(1,'–ú–∞–≤—Ä–∏–∫–∏–π',NULL,NULL,112),(1,'–ú–∞–≤—Ä–∏—Ç–∞–Ω–∏—è',NULL,NULL,113),(1,'–ú–∞–¥–∞–≥–∞—Å–∫–∞—Ä',NULL,NULL,114),(1,'–ú–∞–π–æ—Ç—Ç–∞',NULL,NULL,115),(1,'–ú–∞–∫–∞–æ',NULL,NULL,116),(1,'–ú–∞–ª–∞–≤–∏',NULL,NULL,117),(1,'–ú–∞–ª–∞–π–∑–∏—è',NULL,NULL,118),(1,'–ú–∞–ª–∏',NULL,NULL,119),(1,'–ú–∞–ª—å–¥–∏–≤—ã',NULL,NULL,120),(1,'–ú–∞–ª—å—Ç–∞',NULL,NULL,121),(1,'–ú–∞—Ä–æ–∫–∫–æ',NULL,NULL,122),(1,'–ú–∞—Ä—Ç–∏–Ω–∏–∫–∞',NULL,NULL,123),(1,'–ú–∞—Ä—à–∞–ª–ª–æ–≤—ã –û—Å—Ç—Ä–æ–≤–∞',NULL,NULL,124),(1,'–ú–µ–∫—Å–∏–∫–∞',NULL,NULL,125),(1,'–ú–∏–∫—Ä–æ–Ω–µ–∑–∏—è, –§–µ–¥–µ—Ä–∞—Ç–∏–≤–Ω—ã–µ –®—Ç–∞—Ç—ã',NULL,NULL,126),(1,'–ú–æ–∑–∞–º–±–∏–∫',NULL,NULL,127),(1,'–ú–æ–ª–¥–æ–≤–∞',NULL,NULL,128),(1,'–ú–æ–Ω–∞–∫–æ',NULL,NULL,129),(1,'–ú–æ–Ω–≥–æ–ª–∏—è',NULL,NULL,130),(1,'–ú–æ–Ω—Ç—Å–µ—Ä—Ä–∞—Ç',NULL,NULL,131),(1,'–ú—å—è–Ω–º–∞',NULL,NULL,132),(1,'–ù–∞–º–∏–±–∏—è',NULL,NULL,133),(1,'–ù–∞—É—Ä—É',NULL,NULL,134),(1,'–ù–µ–ø–∞–ª',NULL,NULL,135),(1,'–ù–∏–≥–µ—Ä',NULL,NULL,136),(1,'–ù–∏–≥–µ—Ä–∏—è',NULL,NULL,137),(1,'–ù–∏–¥–µ—Ä–ª–∞–Ω–¥—ã',NULL,NULL,138),(1,'–ù–∏–∫–∞—Ä–∞–≥—É–∞',NULL,NULL,139),(1,'–ù–∏—É—ç',NULL,NULL,140),(1,'–ù–æ–≤–∞—è –ó–µ–ª–∞–Ω–¥–∏—è',NULL,NULL,141),(1,'–ù–æ–≤–∞—è –ö–∞–ª–µ–¥–æ–Ω–∏—è',NULL,NULL,142),(1,'–ù–æ—Ä–≤–µ–≥–∏—è',NULL,NULL,143),(1,'–û–±—ä–µ–¥–∏–Ω–µ–Ω–Ω—ã–µ –ê—Ä–∞–±—Å–∫–∏–µ –≠–º–∏—Ä–∞—Ç—ã',NULL,NULL,144),(1,'–û–º–∞–Ω',NULL,NULL,145),(1,'–û—Å—Ç—Ä–æ–≤ –ú—ç–Ω',NULL,NULL,146),(1,'–û—Å—Ç—Ä–æ–≤ –ù–æ—Ä—Ñ–æ–ª–∫',NULL,NULL,147),(1,'–û—Å—Ç—Ä–æ–≤ –†–æ–∂–¥–µ—Å—Ç–≤–∞',NULL,NULL,148),(1,'–û—Å—Ç—Ä–æ–≤–∞ –ö–∞–π–º–∞–Ω',NULL,NULL,149),(1,'–û—Å—Ç—Ä–æ–≤–∞ –ö—É–∫–∞',NULL,NULL,150),(1,'–û—Å—Ç—Ä–æ–≤–∞ –¢–µ—Ä–∫—Å –ò –ö–∞–π–∫–æ—Å',NULL,NULL,151),(1,'–ü–∞–∫–∏—Å—Ç–∞–Ω',NULL,NULL,152),(1,'–ü–∞–ª–∞—É',NULL,NULL,153),(1,'–ü–∞–ª–µ—Å—Ç–∏–Ω–∞, –≥–æ—Å—É–¥–∞—Ä—Å—Ç–≤–æ',NULL,NULL,154),(1,'–ü–∞–Ω–∞–º–∞',NULL,NULL,155),(1,'–ü–∞–ø—Å–∫–∏–π –ø—Ä–µ—Å—Ç–æ–ª',NULL,NULL,156),(1,'–ü–∞–ø—É–∞ ‚Äì –ù–æ–≤–∞—è –ì–≤–∏–Ω–µ—è',NULL,NULL,157),(1,'–ü–∞—Ä–∞–≥–≤–∞–π',NULL,NULL,158),(1,'–ü–µ—Ä—É',NULL,NULL,159),(1,'–ü–∏—Ç–∫—ç—Ä–Ω',NULL,NULL,160),(1,'–ü–æ–ª—å—à–∞',NULL,NULL,161),(1,'–ü–æ—Ä—Ç—É–≥–∞–ª–∏—è',NULL,NULL,162),(1,'–ü—É—ç—Ä—Ç–æ-–†–∏–∫–æ',NULL,NULL,163),(1,'–†–µ—Å–ø—É–±–ª–∏–∫–∞ –ë–µ–ª–∞—Ä—É—Å—å',NULL,NULL,164),(1,'–†–µ—é–Ω—å–æ–Ω',NULL,NULL,165),(1,'–†–æ—Å—Å–∏–π—Å–∫–∞—è –§–µ–¥–µ—Ä–∞—Ü–∏—è',NULL,NULL,166),(1,'–†—É–∞–Ω–¥–∞',NULL,NULL,167),(1,'–†—É–º—ã–Ω–∏—è',NULL,NULL,168),(1,'–°–∞–º–æ–∞',NULL,NULL,169),(1,'–°–∞–Ω-–ú–∞—Ä–∏–Ω–æ',NULL,NULL,170),(1,'–°–∞–Ω-–¢–æ–º–µ –∏ –ü—Ä–∏–Ω—Å–∏–ø–∏',NULL,NULL,171),(1,'–°–∞—É–¥–æ–≤—Å–∫–∞—è –ê—Ä–∞–≤–∏—è',NULL,NULL,172),(1,'–°–µ–≤–µ—Ä–Ω–∞—è –ú–∞–∫–µ–¥–æ–Ω–∏—è',NULL,NULL,173),(1,'–°–µ–≤–µ—Ä–Ω—ã–µ –ú–∞—Ä–∏–∞–Ω—Å–∫–∏–µ –û—Å—Ç—Ä–æ–≤–∞',NULL,NULL,174),(1,'–°–µ–π—à–µ–ª—ã',NULL,NULL,175),(1,'–°–µ–Ω –ë–∞—Ä—Ç–µ–ª–µ–º–∏',NULL,NULL,176),(1,'–°–µ–Ω –ú–∞—Ä—Ç–∏–Ω (—Ñ—Ä–∞–Ω—Ü—É–∑—Å–∫–∞—è —á–∞—Å—Ç—å)',NULL,NULL,177),(1,'–°–µ–Ω-–ú–∞—Ä—Ç–µ–Ω (–ù–∏–¥–µ—Ä–ª–∞–Ω–¥—Å–∫–∞—è —á–∞—Å—Ç—å)',NULL,NULL,178),(1,'–°–µ–Ω-–ü—å–µ—Ä –∏ –ú–∏–∫–µ–ª–æ–Ω',NULL,NULL,179),(1,'–°–µ–Ω–µ–≥–∞–ª',NULL,NULL,180),(1,'–°–µ–Ω—Ç-–í–∏–Ω—Å–µ–Ω—Ç –∏ –ì—Ä–µ–Ω–∞–¥–∏–Ω—ã',NULL,NULL,181),(1,'–°–µ–Ω—Ç-–ö–∏—Ç—Å –∏ –ù–µ–≤–∏—Å',NULL,NULL,182),(1,'–°–µ–Ω—Ç-–õ—é—Å–∏—è',NULL,NULL,183),(1,'–°–µ—Ä–±–∏—è',NULL,NULL,184),(1,'–°–∏–Ω–≥–∞–ø—É—Ä',NULL,NULL,185),(1,'–°–∏—Ä–∏–π—Å–∫–∞—è –ê—Ä–∞–±—Å–∫–∞—è –†–µ—Å–ø—É–±–ª–∏–∫–∞',NULL,NULL,186),(1,'–°–ª–æ–≤–∞–∫–∏—è',NULL,NULL,187),(1,'–°–ª–æ–≤–µ–Ω–∏—è',NULL,NULL,188),(1,'–°–æ–µ–¥–∏–Ω–µ–Ω–Ω–æ–µ –ö–æ—Ä–æ–ª–µ–≤—Å—Ç–≤–æ –í–µ–ª–∏–∫–æ–±—Ä–∏—Ç–∞–Ω–∏–∏ –∏ –°–µ–≤–µ—Ä–Ω–æ–π –ò—Ä–ª–∞–Ω–¥–∏–∏',NULL,NULL,189),(1,'–°–æ–µ–¥–∏–Ω–µ–Ω–Ω—ã–µ –®—Ç–∞—Ç—ã –ê–º–µ—Ä–∏–∫–∏',NULL,NULL,190),(1,'–°–æ–ª–æ–º–æ–Ω–æ–≤—ã –æ—Å—Ç—Ä–æ–≤–∞',NULL,NULL,191),(1,'–°–æ–º–∞–ª–∏',NULL,NULL,192),(1,'–°—É–¥–∞–Ω',NULL,NULL,193),(1,'–°—É—Ä–∏–Ω–∞–º',NULL,NULL,194),(1,'–°—å–µ—Ä—Ä–∞-–õ–µ–æ–Ω–µ',NULL,NULL,195),(1,'–¢–∞–¥–∂–∏–∫–∏—Å—Ç–∞–Ω',NULL,NULL,196),(1,'–¢–∞–∏–ª–∞–Ω–¥',NULL,NULL,197),(1,'–¢–∞–π–≤–∞–Ω—å (–ö–∏—Ç–∞–π)',NULL,NULL,198),(1,'–¢–∞–Ω–∑–∞–Ω–∏—è, –û–±—ä–µ–¥–∏–Ω–µ–Ω–Ω–∞—è –†–µ—Å–ø—É–±–ª–∏–∫–∞ ',NULL,NULL,199),(1,'–¢–∏–º–æ—Ä-–õ–µ—Å—Ç–µ',NULL,NULL,200),(1,'–¢–æ–≥–æ',NULL,NULL,201),(1,'–¢–æ–∫–µ–ª–∞—É',NULL,NULL,202),(1,'–¢–æ–Ω–≥–∞',NULL,NULL,203),(1,'–¢—Ä–∏–Ω–∏–¥–∞–¥ –∏ –¢–æ–±–∞–≥–æ',NULL,NULL,204),(1,'–¢—É–≤–∞–ª—É',NULL,NULL,205),(1,'–¢—É–Ω–∏—Å',NULL,NULL,206),(1,'–¢—É—Ä–∫–º–µ–Ω–∏—Å—Ç–∞–Ω',NULL,NULL,207),(1,'–¢—É—Ä—Ü–∏—è',NULL,NULL,208),(1,'–£–≥–∞–Ω–¥–∞',NULL,NULL,209),(1,'–£–∑–±–µ–∫–∏—Å—Ç–∞–Ω',NULL,NULL,210),(1,'–£–∫—Ä–∞–∏–Ω–∞',NULL,NULL,211),(1,'–£–æ–ª–ª–∏—Å –∏ –§—É—Ç—É–Ω–∞',NULL,NULL,212),(1,'–£—Ä—É–≥–≤–∞–π',NULL,NULL,213),(1,'–§–∞—Ä–µ—Ä—Å–∫–∏–µ –æ—Å—Ç—Ä–æ–≤–∞',NULL,NULL,214),(1,'–§–∏–¥–∂–∏',NULL,NULL,215),(1,'–§–∏–ª–∏–ø–ø–∏–Ω—ã',NULL,NULL,216),(1,'–§–∏–Ω–ª—è–Ω–¥–∏—è',NULL,NULL,217),(1,'–§–æ–ª–∫–ª–µ–Ω–¥—Å–∫–∏–µ –æ—Å—Ç—Ä–æ–≤–∞ (–ú–∞–ª—å–≤–∏–Ω—Å–∫–∏–µ)',NULL,NULL,218),(1,'–§—Ä–∞–Ω—Ü–∏—è',NULL,NULL,219),(1,'–§—Ä–∞–Ω—Ü—É–∑—Å–∫–∞—è –ì–≤–∏–∞–Ω–∞',NULL,NULL,220),(1,'–§—Ä–∞–Ω—Ü—É–∑—Å–∫–∞—è –ü–æ–ª–∏–Ω–µ–∑–∏—è',NULL,NULL,221),(1,'–•–æ—Ä–≤–∞—Ç–∏—è',NULL,NULL,222),(1,'–¶–µ–Ω—Ç—Ä–∞–ª—å–Ω–æ-–∞—Ñ—Ä–∏–∫–∞–Ω—Å–∫–∞—è –†–µ—Å–ø—É–±–ª–∏–∫–∞',NULL,NULL,223),(1,'–ß–∞–¥',NULL,NULL,224),(1,'–ß–µ—Ä–Ω–æ–≥–æ—Ä–∏—è',NULL,NULL,225),(1,'–ß–µ—Ö–∏—è',NULL,NULL,226),(1,'–ß–∏–ª–∏',NULL,NULL,227),(1,'–®–≤–µ–π—Ü–∞—Ä–∏—è',NULL,NULL,228),(1,'–®–≤–µ—Ü–∏—è',NULL,NULL,229),(1,'–®–ø–∏—Ü–±–µ—Ä–≥–µ–Ω –∏ –Ø–Ω-–ú–∞–π–µ–Ω',NULL,NULL,230),(1,'–®—Ä–∏-–õ–∞–Ω–∫–∞',NULL,NULL,231),(1,'–≠–∫–≤–∞–¥–æ—Ä',NULL,NULL,232),(1,'–≠–∫–≤–∞—Ç–æ—Ä–∏–∞–ª—å–Ω–∞—è –ì–≤–∏–Ω–µ—è',NULL,NULL,233),(1,'–≠–ª—å-–°–∞–ª—å–≤–∞–¥–æ—Ä',NULL,NULL,234),(1,'–≠—Ä–∏—Ç—Ä–µ—è',NULL,NULL,235),(1,'–≠—Å–≤–∞—Ç–∏–Ω–∏',NULL,NULL,236),(1,'–≠—Å—Ç–æ–Ω–∏—è',NULL,NULL,237),(1,'–≠—Ñ–∏–æ–ø–∏—è',NULL,NULL,238),(1,'–Æ–∂–Ω–æ-–ê—Ñ—Ä–∏–∫–∞–Ω—Å–∫–∞—è –†–µ—Å–ø—É–±–ª–∏–∫–∞',NULL,NULL,239),(1,'–Æ–∂–Ω—ã–π –°—É–¥–∞–Ω',NULL,NULL,240),(1,'–Ø–º–∞–π–∫–∞',NULL,NULL,241),(1,'–Ø–ø–æ–Ω–∏—è',NULL,NULL,242),(2,'–ñ–µ–Ω—Å–∫–∏–π',NULL,NULL,243),(2,'–ú—É–∂—Å–∫–æ–π',NULL,NULL,244),(3,'–í—ã—Å—à–µ–µ',NULL,NULL,245),(3,'–í—ã—Å—à–µ–µ –≤–æ–µ–Ω–Ω–æ–µ',NULL,NULL,246),(3,'–ù–∞—á–∞–ª—å–Ω–∞—è —à–∫–æ–ª–∞',NULL,NULL,247),(3,'–ù–µ–∑–∞–∫–æ–Ω—á–µ–Ω–Ω–æ–µ –≤—ã—Å—à–µ–µ',NULL,NULL,248),(3,'–ü—Ä–æ—Ñ–µ—Å—Å–∏–æ–Ω–∞–ª—å–Ω–æ-—Ç–µ—Ö–Ω–∏—á–µ—Å–∫–æ–µ',NULL,NULL,249),(3,'–°—Ä–µ–¥–Ω–µ–µ –±–∞–∑–æ–≤–æ–µ',NULL,NULL,250),(3,'–°—Ä–µ–¥–Ω–µ–µ –ø–æ–ª–Ω–æ–µ',NULL,NULL,251),(3,'–°—Ä–µ–¥–Ω–µ–µ —Å–ø–µ—Ü–∏–∞–ª—å–Ω–æ–µ',NULL,NULL,252),(4,'–ë–µ–∑—Ä–∞–±–æ—Ç–Ω—ã–π',NULL,NULL,253),(4,'–í–æ–µ–Ω–Ω–æ—Å–ª—É–∂–∞—â–∏–π',NULL,NULL,254),(4,'–î–æ–º–æ—Ö–æ–∑—è–π–∫–∞',NULL,NULL,255),(4,'–ö–æ–ª—Ö–æ–∑–Ω–∏–∫',NULL,NULL,256),(4,'–ù–µ—Å–æ–≤–µ—Ä—à–µ–Ω–Ω–æ–ª–µ—Ç–Ω–∏–π',NULL,NULL,257),(4,'–û—Ç–±—ã–≤–∞–µ—Ç –Ω–∞–∫–∞–∑–∞–Ω–∏–µ –≤ –ú–õ–°(–û)',NULL,NULL,258),(4,'–û—Ç–ø—É—Å–∫ –ø–æ —É—Ö–æ–¥—É –∑–∞ —Ä–µ–±–µ–Ω–∫–æ–º',NULL,NULL,259),(4,'–ü–µ–Ω—Å–∏–æ–Ω–µ—Ä',NULL,NULL,260),(4,'–ü—Ä–µ–¥–ø—Ä–∏–Ω–∏–º–∞—Ç–µ–ª—å',NULL,NULL,261),(4,'–†–∞–±–æ—Ç–Ω–∏–∫ –ø–æ –∫–æ–Ω—Ç—Ä–∞–∫—Ç—É',NULL,NULL,262),(4,'–†–∞–±–æ—Ç–Ω–∏–∫–∏ –∫—É–ª—å—Ç—É—Ä—ã, –Ω–∞—É–∫–∏, –º–µ–¥–∏—Ü–∏–Ω—ã, –æ–±—Ä–∞–∑–æ–≤–∞–Ω–∏—è',NULL,NULL,263),(4,'–†–∞–±–æ—á–∏–π',NULL,NULL,264),(4,'–°–ª—É–∂–∞—â–∏–π',NULL,NULL,265),(4,'–°–æ—Å—Ç–æ–∏—Ç –Ω–∞ —É—á–µ—Ç–µ –≤ —Å–ª—É–∂–±–µ –∑–∞–Ω—è—Ç–æ—Å—Ç–∏, –∫–∞–∫ –±–µ–∑—Ä–∞–±–æ—Ç–Ω—ã–π',NULL,NULL,266),(4,'–°–æ—Ç—Ä—É–¥–Ω–∏–∫ –ú–∏–Ω–∏—Å—Ç–µ—Ä—Å—Ç–≤–∞ –ø–æ –Ω–∞–ª–æ–≥–∞–º –∏ —Å–±–æ—Ä–∞–º',NULL,NULL,267),(4,'–°–æ—Ç—Ä—É–¥–Ω–∏–∫ –æ—Ä–≥–∞–Ω–æ–≤ –≤–Ω—É—Ç—Ä–µ–Ω–Ω–∏—Ö –¥–µ–ª',NULL,NULL,268),(4,'–°–æ—Ç—Ä—É–¥–Ω–∏–∫ –æ—Ä–≥–∞–Ω–æ–≤ –ø–æ–≥—Ä–∞–Ω–∏—á–Ω–æ–π —Å–ª—É–∂–±—ã',NULL,NULL,269),(4,'–°–æ—Ç—Ä—É–¥–Ω–∏–∫ –ø–æ–¥—Ä–∞–∑–¥–µ–ª–µ–Ω–∏–π –ú–ß–°',NULL,NULL,270),(4,'–°–æ—Ç—Ä—É–¥–Ω–∏–∫ —Ç–∞–º–æ–∂–µ–Ω–Ω—ã—Ö –æ—Ä–≥–∞–Ω–æ–≤',NULL,NULL,271),(4,'–°—Ç—É–¥–µ–Ω—Ç –≤—ã—Å—à–µ–≥–æ –£–û',NULL,NULL,272),(4,'–°—Ç—É–¥–µ–Ω—Ç —Å—Ä–µ–¥–Ω–µ —Å–ø–µ—Ü–∏–∞–ª—å–Ω–æ–≥–æ –£–û',NULL,NULL,273),(4,'–£—á–∞—â–∏–π—Å—è',NULL,NULL,274),(4,'–£—á–∞—â–∏–π—Å—è –ø—Ä–æ—Ñ–µ—Å—Å–∏–æ–Ω–∞–ª—å–Ω–æ-—Ç–µ—Ö–Ω–∏—á–µ—Å–∫–æ–≥–æ –£–û',NULL,NULL,275),(4,'–£—á—Ä–µ–¥–∏—Ç–µ–ª—å (—Å–æ–±—Å—Ç–≤–µ–Ω–Ω–∏–∫) —é—Ä–∏–¥–∏—á–µ—Å–∫–æ–≥–æ –ª–∏—Ü–∞',NULL,NULL,276),(5,'–í–¥–æ–≤–µ—Ü (–≤–¥–æ–≤–∞)',NULL,NULL,277),(5,'–ñ–µ–Ω–∞—Ç (–∑–∞–º—É–∂–µ–º)',NULL,NULL,278),(5,'–†–∞–∑–≤–µ–¥–µ–Ω (—Ä–∞–∑–≤–µ–¥–µ–Ω–∞)',NULL,NULL,279),(5,'–•–æ–ª–æ—Å—Ç (–Ω–µ–∑–∞–º—É–∂–µ–º)',NULL,NULL,280),(6,'–ì–æ—Å—É–¥–∞—Ä—Å—Ç–≤–µ–Ω–Ω–∞—è',NULL,NULL,281),(6,'–ß–∞—Å—Ç–Ω–∞—è',NULL,NULL,282),(7,'14 –ø–æ–≥–æ',NULL,NULL,283),(7,'15 –ø–æ–≥–≥',NULL,NULL,284),(7,'16 –ø–æ–≥–≥',NULL,NULL,285),(7,'18 –ø–æ–≥–æ',NULL,NULL,286),(7,'19 –ø–æ–≥–≥',NULL,NULL,287),(7,'20 –ø–æ–≥–æ',NULL,NULL,288),(7,'21 –ø–æ–≥–æ',NULL,NULL,289),(7,'86 –ø–æ–≥–≥',NULL,NULL,290),(7,'–æ–ø–æ–≥–∫ \"–ú–∏–Ω—Å–∫\"',NULL,NULL,291),(8,'–î–∞',NULL,NULL,292),(8,'–ù–µ—Ç',NULL,NULL,293),(9,'–ó–µ–ª–µ–Ω—ã–π',NULL,NULL,294),(9,'–ö—Ä–∞—Å–Ω—ã–π',NULL,NULL,295),(10,'–ê–≤–∏–∞',NULL,NULL,296),(10,'–ë–µ–ª–æ—Ä—É—Å—Å–∫–æ-–ª–∞—Ç–≤–∏–π—Å–∫–∏–π',NULL,NULL,297),(10,'–ë–µ–ª–æ—Ä—É—Å—Å–∫–æ-–ª–∏—Ç–æ–≤—Å–∫–∏–π',NULL,NULL,298),(10,'–ë–µ–ª–æ—Ä—É—Å—Å–∫–æ-–ø–æ–ª—å—Å–∫–∏–π',NULL,NULL,299),(10,'–ë–µ–ª–æ—Ä—É—Å—Å–∫–æ-—Ä–æ—Å—Å–∏–π—Å–∫–∏–π',NULL,NULL,300),(10,'–ë–µ–ª–æ—Ä—É—Å—Å–∫–æ-—É–∫—Ä–∞–∏–Ω—Å–∫–∏–π',NULL,NULL,301),(10,'–ò–Ω–æ–µ',NULL,NULL,302),(11,'–õ–∏–Ω–∏—è –≥—Ä–∞–Ω–∏—Ü—ã',NULL,NULL,303),(11,'–ü–æ–≥—Ä–∞–Ω–∏—á–Ω–∞—è –∑–æ–Ω–∞',NULL,NULL,304),(11,'–ü–æ–≥—Ä–∞–Ω–∏—á–Ω–∞—è –ø–æ–ª–æ—Å–∞',NULL,NULL,305),(11,'–ü—É–Ω–∫—Ç –ø—Ä–æ–ø—É—Å–∫–∞',NULL,NULL,306),(11,'–ü—É–Ω–∫—Ç –ø—Ä–æ–ø—É—Å–∫–∞ —Å–æ–ø—Ä–µ–¥–µ–ª—å–Ω–æ–≥–æ –≥–æ—Å—É–¥–∞—Ä—Å—Ç–≤–∞',NULL,NULL,307),(11,'–¢–µ—Ä—Ä–∏—Ç–æ—Ä–∏—è —Ä–µ—Å–ø—É–±–ª–∏–∫–∏',NULL,NULL,308),(11,'–¢–µ—Ä—Ä–∏—Ç–æ—Ä–∏—è —Å–æ–ø—Ä–µ–¥–µ–ª—å–Ω–æ–≥–æ –≥–æ—Å—É–¥–∞—Ä—Å—Ç–≤–∞',NULL,NULL,309),(12,'–í –†–µ—Å–ø—É–±–ª–∏–∫—É –ë–µ–ª–∞—Ä—É—Å—å',NULL,NULL,310),(12,'–ò–∑ –†–µ—Å–ø—É–±–ª–∏–∫–∏ –ë–µ–ª–∞—Ä—É—Å—å',NULL,NULL,311),(12,'–¢—ã–ª–æ–≤–æ–π —Ä–∞–π–æ–Ω',NULL,NULL,312),(13,'–ü–æ–≥–∑ ‚Ññ 1',NULL,NULL,313),(13,'–ü–æ–≥–∑ ‚Ññ 10',NULL,NULL,314),(13,'–ü–æ–≥–∑ ‚Ññ 11',NULL,NULL,315),(13,'–ü–æ–≥–∑ ‚Ññ 12',NULL,NULL,316),(13,'–ü–æ–≥–∑ ‚Ññ 13',NULL,NULL,317),(13,'–ü–æ–≥–∑ ‚Ññ 14',NULL,NULL,318),(13,'–ü–æ–≥–∑ ‚Ññ 15',NULL,NULL,319),(13,'–ü–æ–≥–∑ ‚Ññ 16',NULL,NULL,320),(13,'–ü–æ–≥–∑ ‚Ññ 17',NULL,NULL,321),(13,'–ü–æ–≥–∑ ‚Ññ 18',NULL,NULL,322),(13,'–ü–æ–≥–∑ ‚Ññ 19',NULL,NULL,323),(13,'–ü–æ–≥–∑ ‚Ññ 2',NULL,NULL,324),(13,'–ü–æ–≥–∑ ‚Ññ 3',NULL,NULL,325),(13,'–ü–æ–≥–∑ ‚Ññ 4',NULL,NULL,326),(13,'–ü–æ–≥–∑ ‚Ññ 5',NULL,NULL,327),(13,'–ü–æ–≥–∑ ‚Ññ 6',NULL,NULL,328),(13,'–ü–æ–≥–∑ ‚Ññ 7',NULL,NULL,329),(13,'–ü–æ–≥–∑ ‚Ññ 8',NULL,NULL,330),(13,'–ü–æ–≥–∑ ‚Ññ 9',NULL,NULL,331),(14,'–ü–æ–≥–ø ‚Ññ 1',NULL,NULL,332),(14,'–ü–æ–≥–ø ‚Ññ 2',NULL,NULL,333),(14,'–ü–æ–≥–ø ‚Ññ 3',NULL,NULL,334),(14,'–ü–æ–≥–ø ‚Ññ 4',NULL,NULL,335),(14,'–ü–æ–≥–ø ‚Ññ 5',NULL,NULL,336),(14,'–ü–æ–≥–ø ‚Ññ 6',NULL,NULL,337),(15,'–ì—É–¥–æ–≥–∞–π –ø–æ–≥–∫ (–æ–ø—Å)',NULL,NULL,338),(15,'–õ–æ–µ–≤ –ø–æ–≥–∫ (–æ–±–æ)',NULL,NULL,339),(15,'–ú–∞–ª–æ—Ä–∏—Ç–∞ –ø–æ–≥–∫ (–æ–ø—Å)',NULL,NULL,340),(15,'–û–ø—Å–∞ –ø–æ–≥–∫ (–æ–ø—Å)',NULL,NULL,341),(15,'–ü–æ—Ä–µ—á—å–µ –ø–æ–≥–∫ (–æ–ø—Å)',NULL,NULL,342),(15,'–ü–æ—Å—Ç–∞–≤—ã –ø–æ–≥–∫ (–æ–ø—Å)',NULL,NULL,343),(15,'–†–µ—á–∏—Ü–∞ –ø–æ–≥–∫ (–æ–ø—Å)',NULL,NULL,344),(16,'–ó–∞–¥–µ—Ä–∂–∞–Ω–∏–µ –ø–æ –û–î',NULL,NULL,345),(16,'–ó–∞–¥–µ—Ä–∂–∞–Ω–∏–µ –ø–æ —Ä–µ–∑—É–ª—å—Ç–∞—Ç–∞–º —Ä–∞–±–æ—Ç—ã —Å –º–µ—Å—Ç–Ω—ã–º –Ω–∞—Å–µ–ª–µ–Ω–∏–µ–º',NULL,NULL,346),(17,'–µ—Ñ—Ä–µ–π—Ç–æ—Ä',NULL,NULL,347),(17,'–∫–∞–ø–∏—Ç–∞–Ω',NULL,NULL,348),(17,'–ª–µ–π—Ç–µ–Ω–∞–Ω—Ç',NULL,NULL,349),(17,'–º–∞–π–æ—Ä',NULL,NULL,350),(17,'–º–ª–∞–¥—à–∏–π –ª–µ–π—Ç–µ–Ω–∞–Ω—Ç',NULL,NULL,351),(17,'–º–ª–∞–¥—à–∏–π —Å–µ—Ä–∂–∞–Ω—Ç',NULL,NULL,352),(17,'–ø–æ–¥–ø–æ–ª–∫–æ–≤–Ω–∏–∫',NULL,NULL,353),(17,'–ø–æ–ª–∫–æ–≤–Ω–∏–∫',NULL,NULL,354),(17,'–ø—Ä–∞–ø–æ—Ä—â–∏–∫',NULL,NULL,355),(17,'—Ä—è–¥–æ–≤–æ–π',NULL,NULL,356),(17,'—Å–µ—Ä–∂–∞–Ω—Ç',NULL,NULL,357),(17,'—Å—Ç–∞—Ä—à–∏–π –ª–µ–π—Ç–µ–Ω–∞–Ω—Ç',NULL,NULL,358),(17,'—Å—Ç–∞—Ä—à–∏–π –ø—Ä–∞–ø–æ—Ä—â–∏–∫',NULL,NULL,359),(17,'—Å—Ç–∞—Ä—à–∏–π —Å–µ—Ä–∂–∞–Ω—Ç',NULL,NULL,360),(17,'—Å—Ç–∞—Ä—à–∏–Ω–∞',NULL,NULL,361),(18,'–∞–Ω–≥–ª–∏–π—Å–∫–∏–π',NULL,NULL,362),(18,'–≥—Ä—É–∑–∏–Ω—Å–∫–∏–π',NULL,NULL,363),(18,'–∏—Å–ø–∞–Ω—Å–∫–∏–π',NULL,NULL,364),(18,'–∏—Ç–∞–ª—å—è–Ω—Å–∫–∏–π',NULL,NULL,365),(18,'–∫–∏—Ç–∞–π—Å–∫–∏–π',NULL,NULL,366),(18,'–ª–∞—Ç—ã—à—Å–∫–∏–π',NULL,NULL,367),(18,'–ª–∏—Ç–æ–≤—Å–∫–∏–π',NULL,NULL,368),(18,'–Ω–µ–º–µ—Ü–∫–∏–π',NULL,NULL,369),(18,'–ø–æ–ª—å—Å–∫–∏–π',NULL,NULL,370),(18,'—Ä—É—Å—Å–∫–∏–π',NULL,NULL,371),(18,'—É–∫—Ä–∞–∏–Ω—Å–∫–∏–π',NULL,NULL,372),(18,'—Ñ—Ä–∞–Ω—Ü—É–∑—Å–∫–∏–π',NULL,NULL,373),(18,'—è–ø–æ–Ω—Å–∫–∏–π',NULL,NULL,374),(19,'–∞–∑–µ—Ä–±–∞–¥–∂–∞–Ω–µ—Ü',NULL,NULL,375),(19,'–∞–ª–∂–∏—Ä–µ—Ü',NULL,NULL,376),(19,'–∞–º–µ—Ä–∏–∫–∞–Ω–µ—Ü',NULL,NULL,377),(19,'–∞–Ω–≥–ª–∏—á–∞–Ω–∏–Ω',NULL,NULL,378),(19,'–∞—Ä–º—è–Ω–∏–Ω',NULL,NULL,379),(19,'–∞—Ñ–≥–∞–Ω–µ—Ü',NULL,NULL,380),(19,'–±–µ–ª–æ—Ä—É—Å',NULL,NULL,381),(19,'–≤—å–µ—Ç–Ω–∞–º–µ—Ü',NULL,NULL,382),(19,'–≥—Ä—É–∑–∏–Ω',NULL,NULL,383),(19,'–¥–∞–≥–µ—Å—Ç–∞–Ω–µ—Ü',NULL,NULL,384),(19,'–µ–≤—Ä–µ–π',NULL,NULL,385),(19,'–µ–≥–∏–ø—Ç—è–Ω–∏–Ω',NULL,NULL,386),(19,'–∏–Ω–≥—É—à',NULL,NULL,387),(19,'–∏–Ω–¥—É—Å',NULL,NULL,388),(19,'–∏—Ä–∞–Ω–µ—Ü',NULL,NULL,389),(19,'–∫–∞–∑–∞—Ö',NULL,NULL,390),(19,'–∫–∞–º–µ—Ä—É–Ω–µ—Ü',NULL,NULL,391),(19,'–∫–∏—Ç–∞–µ—Ü',NULL,NULL,392),(19,'–∫—É–±–∏–Ω–µ—Ü',NULL,NULL,393),(19,'–∫—ã—Ä–≥—ã–∑',NULL,NULL,394),(19,'–ª–∞—Ç—ã—à',NULL,NULL,395),(19,'–ª–∏–≤–∞–Ω–µ—Ü',NULL,NULL,396),(19,'–ª–∏—Ç–æ–≤–µ—Ü',NULL,NULL,397),(19,'–º–æ–ª–¥–æ–≤–∞–Ω–∏–Ω',NULL,NULL,398),(19,'–Ω–µ–º–µ—Ü',NULL,NULL,399),(19,'–Ω–∏–≥–µ—Ä–∏–µ—Ü',NULL,NULL,400),(19,'–ø–∞–∫–∏—Å—Ç–∞–Ω–µ—Ü',NULL,NULL,401),(19,'–ø–æ–ª—è–∫',NULL,NULL,402),(19,'–ø—É—à—Ç—É–Ω',NULL,NULL,403),(19,'—Ä—É—Å—Å–∫–∏–π',NULL,NULL,404),(19,'—Å–µ–Ω–∏–≥–∞–ª–µ—Ü',NULL,NULL,405),(19,'—Å–µ—Ä–±',NULL,NULL,406),(19,'—Å–∏—Ä–∏–µ—Ü',NULL,NULL,407),(19,'—Å–æ–º–∞–ª–∏–µ—Ü',NULL,NULL,408),(19,'—Ç–∞–¥–∂–∏–∫',NULL,NULL,409),(19,'—Ç–∞–º–∏–ª–µ—Ü',NULL,NULL,410),(19,'—Ç—É—Ä–∫–º–µ–Ω',NULL,NULL,411),(19,'—Ç—É—Ä–æ–∫',NULL,NULL,412),(19,'—É–∑–±–µ–∫',NULL,NULL,413),(19,'—É–∫—Ä–∞–∏–Ω–µ—Ü',NULL,NULL,414),(19,'—Ü—ã–≥–∞–Ω',NULL,NULL,415),(19,'—á–µ—á–µ–Ω–µ—Ü',NULL,NULL,416),(19,'—ç—Ñ–∏–æ–ø',NULL,NULL,417);
/*!40000 ALTER TABLE `sys_list_dop` ENABLE KEYS */;
UNLOCK TABLES;

--
-- Table structure for table `sys_list_top`
--

DROP TABLE IF EXISTS `sys_list_top`;
/*!40101 SET @saved_cs_client     = @@character_set_client */;
/*!50503 SET character_set_client = utf8mb4 */;
CREATE TABLE `sys_list_top` (
  `id` mediumint unsigned NOT NULL AUTO_INCREMENT,
  `name` varchar(25) DEFAULT NULL,
  `title` varchar(50) DEFAULT NULL,
  `strong` bit(1) DEFAULT b'0',
  PRIMARY KEY (`id`),
  UNIQUE KEY `ind_name` (`name`)
) ENGINE=InnoDB AUTO_INCREMENT=21 DEFAULT CHARSET=utf8 AVG_ROW_LENGTH=862 ROW_FORMAT=DYNAMIC;
/*!40101 SET character_set_client = @saved_cs_client */;

--
-- Dumping data for table `sys_list_top`
--

LOCK TABLES `sys_list_top` WRITE;
/*!40000 ALTER TABLE `sys_list_top` DISABLE KEYS */;
INSERT INTO `sys_list_top` VALUES (1,'citizenship','–ì—Ä–∞–∂–¥–∞–Ω—Å—Ç–≤–æ',_binary '\0'),(2,'sex','–ü–æ–ª',_binary ''),(3,'education','–û–±—Ä–∞–∑–æ–≤–∞–Ω–∏–µ',_binary ''),(4,'social_status','–°–æ—Ü–∏–∞–ª—å–Ω–æ–µ –ø–æ–ª–æ–∂–µ–Ω–∏–µ',_binary '\0'),(5,'marital_status','–°–µ–º–µ–π–Ω–æ–µ –ø–æ–ª–æ–∂–µ–Ω–∏–µ',_binary '\0'),(6,'ownership','–§–æ—Ä–º–∞ —Å–æ–±—Å—Ç–≤–µ–Ω–Ω–æ—Å—Ç–∏',_binary '\0'),(7,'tops','–¢–û–ü–°',_binary '\0'),(8,'yes_no','–î–∞/–ù–µ—Ç',_binary '\0'),(9,'channel','–¶–≤–µ—Ç –∫–∞–Ω–∞–ª–∞',_binary '\0'),(10,'plot','–£—á–∞—Å—Ç–æ–∫ –ø–æ –Ω–∞–ø—Ä–∞–≤–ª–µ–Ω–∏—é',_binary '\0'),(11,'category_location','–ö–∞—Ç–µ–≥–æ—Ä–∏—è –º–µ—Å—Ç–∞',_binary '\0'),(12,'course','–ù–∞–ø—Ä–∞–≤–ª–µ–Ω–∏–µ',_binary '\0'),(13,'number_pogz','–ù–æ–º–µ—Ä –ø–æ–≥–∑',_binary '\0'),(14,'number_pogp','–ù–æ–º–µ—Ä –ø–æ–≥–ø',_binary '\0'),(15,'pogk','–ü–æ–≥–∫',_binary '\0'),(16,'od','–ó–∞–¥–µ—Ä–∂–∞–Ω–∏–µ –û–î',_binary '\0'),(17,'rang','–í–æ–∏–Ω—Å–∫–æ–µ –∑–≤–∞–Ω–∏–µ',_binary '\0'),(18,'language_skils','–ó–Ω–∞–Ω–∏–µ —è–∑—ã–∫–æ–≤',_binary '\0'),(19,'nationality','–ù–∞—Ü–∏–æ–Ω–∞–ª—å–Ω–æ—Å—Ç—å',_binary '\0');
/*!40000 ALTER TABLE `sys_list_top` ENABLE KEYS */;
UNLOCK TABLES;

--
-- Table structure for table `sys_notify`
--

DROP TABLE IF EXISTS `sys_notify`;
/*!40101 SET @saved_cs_client     = @@character_set_client */;
/*!50503 SET character_set_client = utf8mb4 */;
CREATE TABLE `sys_notify` (
  `id` int unsigned NOT NULL AUTO_INCREMENT,
  `from_user_id` int DEFAULT NULL,
  `to_user_id` int DEFAULT NULL,
  `date_time` datetime DEFAULT NULL,
  `type` enum('information','error','warning') CHARACTER SET utf8 COLLATE utf8_general_ci DEFAULT NULL,
  `content` text,
  `file_id` int DEFAULT NULL,
  `geometry` text CHARACTER SET utf8 COLLATE utf8_general_ci,
  PRIMARY KEY (`id`),
  KEY `sys_notify_FK` (`file_id`),
  KEY `sys_notify_FK_1` (`from_user_id`),
  KEY `sys_notify_FK_2` (`to_user_id`),
  CONSTRAINT `sys_notify_FK` FOREIGN KEY (`file_id`) REFERENCES `sys_reports` (`id`) ON DELETE SET NULL ON UPDATE SET NULL,
  CONSTRAINT `sys_notify_FK_1` FOREIGN KEY (`from_user_id`) REFERENCES `authentication_modelcustomuser` (`id`),
  CONSTRAINT `sys_notify_FK_2` FOREIGN KEY (`to_user_id`) REFERENCES `authentication_modelcustomuser` (`id`)
) ENGINE=InnoDB AUTO_INCREMENT=95 DEFAULT CHARSET=utf8;
/*!40101 SET character_set_client = @saved_cs_client */;

--
-- Dumping data for table `sys_notify`
--

LOCK TABLES `sys_notify` WRITE;
/*!40000 ALTER TABLE `sys_notify` DISABLE KEYS */;
INSERT INTO `sys_notify` VALUES (53,2,1,'2021-04-21 12:29:32','information','ujnyhgtf',NULL,NULL),(54,2,1,'2021-04-21 12:29:45','warning','547n63by53r4 bwe',NULL,NULL),(56,2,1,'2021-04-21 14:19:40','information','rfewad',NULL,NULL),(57,2,1,'2021-04-21 14:24:09','error','jkmhgf',NULL,NULL);
/*!40000 ALTER TABLE `sys_notify` ENABLE KEYS */;
UNLOCK TABLES;

--
-- Table structure for table `sys_obj`
--

DROP TABLE IF EXISTS `sys_obj`;
/*!40101 SET @saved_cs_client     = @@character_set_client */;
/*!50503 SET character_set_client = utf8mb4 */;
CREATE TABLE `sys_obj` (
  `id` tinyint unsigned NOT NULL,
  `name` varchar(15) NOT NULL,
  `title` varchar(25) NOT NULL,
  `title_single` varchar(25) NOT NULL,
  `icon` varchar(25) NOT NULL,
  `descript` varchar(255) DEFAULT NULL,
  PRIMARY KEY (`id`)
) ENGINE=InnoDB DEFAULT CHARSET=utf8 AVG_ROW_LENGTH=1638 ROW_FORMAT=DYNAMIC;
/*!40101 SET character_set_client = @saved_cs_client */;

--
-- Dumping data for table `sys_obj`
--

LOCK TABLES `sys_obj` WRITE;
/*!40000 ALTER TABLE `sys_obj` DISABLE KEYS */;
INSERT INTO `sys_obj` VALUES (1,'rel','—Å–æ–±—ã—Ç–∏—è/—Å–≤—è–∑–∏','—Å–æ–±—ã—Ç–∏–µ/—Å–≤—è–∑—å','fa-link',NULL),(10,'free','–∑–Ω–∞—á–µ–Ω–∏—è','–∑–Ω–∞—á–µ–Ω–∏–µ','fa-star',NULL),(15,'file','—Ñ–∞–π–ª—ã','—Ñ–∞–π–ª','fa-file',NULL),(20,'doc','–¥–æ–∫—É–º–µ–Ω—Ç—ã','–¥–æ–∫—É–º–µ–Ω—Ç','fa-align-left',NULL),(25,'point','—Ç–æ—á–∫–∏','—Ç–æ—á–∫–∞','fa-map-marker-alt',NULL),(30,'geometry','–≥–µ–æ–º–µ—Ç—Ä–∏—è','–≥–µ–æ–º–µ—Ç—Ä–∏—è','fa-draw-polygon',NULL),(35,'person_p','—Ñ–∏–∑–ª–∏—Ü–∞','—Ñ–∏–∑–ª–∏—Ü–æ','fa-user',NULL),(40,'person_l','—é—Ä–ª–∏—Ü–∞','—é—Ä–ª–∏—Ü–æ','fa-stamp',NULL),(45,'case','–¥–µ–ª–∞','–¥–µ–ª–æ','fa-lock',NULL),(50,'transport','—Ç—Ä–∞–Ω—Å–ø–æ—Ä—Ç','—Ç—Ä–∞–Ω—Å–ø–æ—Ä—Ç','fa-car',NULL);
/*!40000 ALTER TABLE `sys_obj` ENABLE KEYS */;
UNLOCK TABLES;

--
-- Table structure for table `sys_reports`
--

DROP TABLE IF EXISTS `sys_reports`;
/*!40101 SET @saved_cs_client     = @@character_set_client */;
/*!50503 SET character_set_client = utf8mb4 */;
CREATE TABLE `sys_reports` (
  `id` int NOT NULL AUTO_INCREMENT,
  `path` varchar(255) NOT NULL,
  `name` varchar(100) DEFAULT NULL,
  `owner_line_id` tinyint unsigned DEFAULT NULL,
  `owner_region_id` tinyint unsigned DEFAULT NULL,
  `date_auto_remove` datetime DEFAULT NULL,
  `params` text,
  `status` enum('in_progress','done','error') DEFAULT NULL,
  PRIMARY KEY (`id`),
  KEY `sys_files_FK` (`owner_line_id`),
  KEY `sys_files_FK_1` (`owner_region_id`)
) ENGINE=InnoDB AUTO_INCREMENT=51 DEFAULT CHARSET=utf8;
/*!40101 SET character_set_client = @saved_cs_client */;

--
-- Dumping data for table `sys_reports`
--

LOCK TABLES `sys_reports` WRITE;
/*!40000 ALTER TABLE `sys_reports` DISABLE KEYS */;
/*!40000 ALTER TABLE `sys_reports` ENABLE KEYS */;
UNLOCK TABLES;

--
-- Table structure for table `sys_script`
--

DROP TABLE IF EXISTS `sys_script`;
/*!40101 SET @saved_cs_client     = @@character_set_client */;
/*!50503 SET character_set_client = utf8mb4 */;
CREATE TABLE `sys_script` (
  `id` smallint unsigned NOT NULL AUTO_INCREMENT,
  `parent_id` smallint unsigned DEFAULT NULL,
  `title` varchar(50) CHARACTER SET utf8 COLLATE utf8_general_ci DEFAULT NULL,
  `icon` varchar(25) DEFAULT NULL,
  `hint` varchar(255) DEFAULT NULL,
  `content` text,
  `descript` mediumtext,
  `variables` varchar(255) DEFAULT NULL,
  `enabled` tinyint(1) NOT NULL DEFAULT '1',
  `owner_id` tinyint unsigned DEFAULT NULL,
  `type` enum('map','report') DEFAULT NULL,
  PRIMARY KEY (`id`),
  UNIQUE KEY `ind_name` (`title`),
  KEY `sys_script_owner_id_de248bfe_fk_owner_lines_id` (`owner_id`),
  KEY `sys_script_parent_id_de218bfe_fk_sys_script_id` (`parent_id`),
  CONSTRAINT `sys_script_owner_id_de248bfe_fk_owner_lines_id` FOREIGN KEY (`owner_id`) REFERENCES `owner_lines` (`id`) ON DELETE CASCADE ON UPDATE CASCADE,
  CONSTRAINT `sys_script_parent_id_de218bfe_fk_sys_script_id` FOREIGN KEY (`parent_id`) REFERENCES `sys_script` (`id`) ON DELETE CASCADE ON UPDATE CASCADE
) ENGINE=InnoDB AUTO_INCREMENT=42 DEFAULT CHARSET=utf8 AVG_ROW_LENGTH=2048 ROW_FORMAT=DYNAMIC;
/*!40101 SET character_set_client = @saved_cs_client */;

--
-- Dumping data for table `sys_script`
--

LOCK TABLES `sys_script` WRITE;
/*!40000 ALTER TABLE `sys_script` DISABLE KEYS */;
INSERT INTO `sys_script` VALUES (1,NULL,'–ì–ª–∞–≤–Ω–∞—è –ø–∞–ø–∫–∞','home_icon','','','–ö–æ—Ä–Ω–µ–≤–∞—è –ø–∞–ø–∫–∞ —Å–∫—Ä–∏–ø—Ç–æ–≤','',1,3,'map'),(2,1,'–ö–æ–Ω—Ç—Ä–∞–±–∞–Ω–¥–∞ —Å–∏–≥–∞—Ä–µ—Ç',NULL,'–ö–æ–Ω—Ç—Ä–∞–±–∞–Ω–¥–∞ —Å–∏–≥–∞—Ä–µ—Ç','group_id = 1\nrel_recs = io_get_rel(group_id,keys_rel,[object_name],None,where_dop)\nels = rel_rec_to_el(rel_recs)\ngeo_ids = el_to_rec_id(object_name,els)\nret = geo_id_to_fc(object_name,group_id,geo_ids,keys_obj)\nreturn ret','—É–∫—Å–∞—Ü','sigarets;—Å–∏–≥–∞—Ä–µ—Ç—ã;–∫–æ–ª–ª–∏—á–µ—Å—Ç–≤–æ —Å–∏–≥–∞—Ä–µ—Ç;int\nweapons;–æ—Ä—É–∂–∏–µ;–∫–æ–ª–ª–∏—á–µ—Å—Ç–≤–æ –æ—Ä—É–∂–∏—è;str',1,3,'map'),(4,NULL,'–í—Ç–æ—Ä–∞—è –≥–ª–∞–≤–Ω–∞—è –ø–∞–ø–∫–∞','home_icon',NULL,NULL,'2 –∫–æ—Ä–Ω–µ–≤–∞—è –ø–∞–ø–∫–∞',NULL,1,3,'map'),(5,1,'–≤–ª–æ–∂–µ–Ω–Ω–∞—è –ø–∞–ø–∫–∞','home_icon',NULL,NULL,'–≤–ª–æ–∂–µ–Ω–Ω–∞—è –ø–∞–ø–∫–∞',NULL,1,3,'map'),(6,1,'2 –≤–ª–æ–∂–µ–Ω–Ω–∞—è –ø–∞–ø–∫–∞','home_icon','','','2 –≤–ª–æ–∂–µ–Ω–Ω–∞—è –ø–∞–ø–∫–∞','',1,3,'map'),(7,5,'—Å–∫—Ä–∏–ø—Ç 1 –∏ –µ—â–µ –±–æ–ª—å—à–µ —Ç–µ–∫—Å—Ç–∞ —á—Ç–æ –±—ã –ø—Ä–æ–≤–µ—Ä–∏—Ç—å',NULL,'—Å–∫—Ä–∏–ø—Ç 1 –≤ –≤–ª–æ–∂–µ–Ω–Ω–æ–π –ø–∞–ø–∫–µ','group_id = 1\nrel_recs = io_get_rel(group_id,keys_rel,[object_name],None,where_dop)\nels = rel_rec_to_el(rel_recs)\ngeo_ids = el_to_rec_id(object_name,els)\nret = geo_id_to_fc(object_name,group_id,geo_ids,keys_obj)\nreturn ret','—É–∫—Å–∞—Ü—Ü','sigarets;—Å–∏–≥–∞—Ä–µ—Ç—ã;–∫–æ–ª–ª–∏—á–µ—Å—Ç–≤–æ —Å–∏–≥–∞—Ä–µ—Ç;int\nweapons;–æ—Ä—É–∂–∏–µ;–∫–æ–ª–ª–∏—á–µ—Å—Ç–≤–æ –æ—Ä—É–∂–∏—è;str',1,3,'map'),(8,NULL,'–≥–ª–∞–≤–Ω—ã–π —Å–∫—Ä–∏–ø—Ç',NULL,'–≥–ª–∞–≤–Ω—ã–π —Å–∫—Ä–∏–ø—Ç','group_id = 1\nrel_recs = io_get_rel(group_id,keys_rel,[object_name],None,where_dop)\nels = rel_rec_to_el(rel_recs)\ngeo_ids = el_to_rec_id(object_name,els)\nret = geo_id_to_fc(object_name,group_id,geo_ids,keys_obj)\nreturn ret','—É–∫—Å–∞—Ü','sigarets;—Å–∏–≥–∞—Ä–µ—Ç—ã;–∫–æ–ª–ª–∏—á–µ—Å—Ç–≤–æ —Å–∏–≥–∞—Ä–µ—Ç;int\nweapons;–æ—Ä—É–∂–∏–µ;–∫–æ–ª–ª–∏—á–µ—Å—Ç–≤–æ –æ—Ä—É–∂–∏—è;str',1,3,'map'),(9,NULL,'–∞–¥—Ä–µ—Å–∞',NULL,'–ø–æ–ª—É—á–µ–Ω–∏–µ –∞–¥—Ä–µ—Å–æ–≤','group_id = 1\nrel_recs = io_get_rel(group_id,keys_rel,[object_name],None,where_dop)\nels = rel_rec_to_el(rel_recs)\ngeo_ids = el_to_rec_id(object_name,els)\nret = geo_id_to_fc(object_name,group_id,geo_ids,keys_obj)\nreturn ret','–∞–∫3','sigarets;—Å–∏–≥–∞—Ä–µ—Ç—ã;–∫–æ–ª–ª–∏—á–µ—Å—Ç–≤–æ —Å–∏–≥–∞—Ä–µ—Ç;int\nweapons;–æ—Ä—É–∂–∏–µ;–∫–æ–ª–ª–∏—á–µ—Å—Ç–≤–æ –æ—Ä—É–∂–∏—è;str',1,3,'map'),(10,NULL,'fghjkjhgfdhjbk',NULL,'–ø–æ–ª—É—á–µ–Ω–∏–µ –∞–¥—Ä–µ—Å–æ–≤','group_id = 1\nrel_recs = io_get_rel(group_id,keys_rel,[object_name],None,where_dop)\nels = rel_rec_to_el(rel_recs)\ngeo_ids = el_to_rec_id(object_name,els)\nret = geo_id_to_fc(object_name,group_id,geo_ids,keys_obj)\nreturn ret','–∞–∫3','sigarets;—Å–∏–≥–∞—Ä–µ—Ç—ã;–∫–æ–ª–ª–∏—á–µ—Å—Ç–≤–æ —Å–∏–≥–∞—Ä–µ—Ç;int\nweapons;–æ—Ä—É–∂–∏–µ;–∫–æ–ª–ª–∏—á–µ—Å—Ç–≤–æ –æ—Ä—É–∂–∏—è;str',1,3,'map'),(11,1,'–ì–ª–∞–≤–Ω–∞—è –ø–∞–ø–∫–∞ 2','home_icon','','','–ö–æ—Ä–Ω–µ–≤–∞—è –ø–∞–ø–∫–∞ —Å–∫—Ä–∏–ø—Ç–æ–≤','',1,3,'map'),(15,4,'SCRIIIIPT',NULL,'','keys_rel = [int(keys_rel)]\r\n\r\n\r\nreturn rel_to_geo_fc(obj,0,keys_rel=keys_rel,keys_obj=[\'parent_id\'])','–¢–µ—Å—Ç–æ–≤–æ–µ —Å–æ–∑–¥–∞–Ω–∏–µ —Å–∫—Ä–∏–ø—Ç–∞','obj;–¢–∏–ø –æ–±—ä–µ–∫—Ç–∞;–¢–∏–ø –æ–±—ä–µ–∫—Ç–∞;text\r\nkeys_rel;–ö–ª—é—á –∫–ª–∞—Å—Å–∏—Ñ–∏–∫–∞—Ç–æ—Ä–∞;–ö–ª—é—á –∫–ª–∞—Å—Å–∏—Ñ–∏–∫–∞—Ç–æ—Ä–∞;number',1,3,'map'),(33,NULL,'–∫–æ–Ω—Ç—Ä–æ–±–∞–Ω–¥–∞ —Å–∏–≥–∞—Ä–µ—Ç',NULL,'–≥–¥–µ —Å–∏–≥–∞—Ä–µ—Ç—ã –ø—Ä–æ–Ω–æ—Å—è—Ç','if keys_rel.find(\',\') != -1:\r\n    keys_rel = [int(item) for item in keys_rel.split(\',\')]\r\nelse:\r\n    keys_rel = [int(keys_rel)]\r\n		\r\nres = rel_to_geo_fc(obj, 0, keys_rel=keys_rel, keys_obj=[\'parent_id\'],where_dop=[])\r\nreturn res','–Ω—Ç–∫—Ä–µ–∏—É','obj;–¢–∏–ø –æ–±—ä–µ–∫—Ç–∞;–¢–∏–ø –æ–±—ä–µ–∫—Ç–∞;text\r\nkeys_rel;–ö–ª—é—á –∫–ª–∞—Å—Å–∏—Ñ–∏–∫–∞—Ç–æ—Ä–∞;–ö–ª—é—á –∫–ª–∞—Å—Å–∏—Ñ–∏–∫–∞—Ç–æ—Ä–∞;number',1,3,'map'),(36,NULL,'–ø–∞–ø–∫–∞ –æ—Ç—á–µ—Ç–æ–≤','home_icon','–æ—Ç—á–µ—Ç—ã','','–æ–Ω—Ä','',1,3,'report'),(40,36,'—Ç–µ—Å—Ç–æ–≤—ã–π –æ—Ç—á–µ—Ç',NULL,'–≥–¥–µ —Å–∏–≥–∞—Ä–µ—Ç—ã –ø—Ä–æ–Ω–æ—Å—è—Ç','path = title + \'.txt\'\r\nfile = open(path, \'w\')\r\nfile.write(weapons)\r\nfile.close()','–∞—Å–≤','weapons;–æ—Ä—É–∂–∏–µ;–∫–æ–ª–ª–∏—á–µ—Å—Ç–≤–æ –æ—Ä—É–∂–∏—è;str',1,3,'report'),(41,NULL,'–ø–æ–ª—É—á–∏—Ç—å geojson',NULL,'—Ç–µ—Å—Ç–æ–≤—ã–π —Å–∫—Ä–∏–ø—Ç –¥–ª—è –ø–æ–ª—É—á–µ–Ω–∏—è –≥–µ–æ–º–µ—Ç—Ä–∏–∏','if keys_rel.find(\',\') != -1:\r\n    keys_rel = [int(item) for item in keys_rel.split(\',\')]\r\nelse:\r\n    keys_rel = [int(keys_rel)]\r\nres = rel_to_geo_fc(obj, 0, keys_rel=keys_rel, keys_obj=[\'parent_id\'],where_dop=[])\r\nreturn res','–∫—Å—É–µ–º4–∫','obj;–¢–∏–ø –æ–±—ä–µ–∫—Ç–∞;–¢–∏–ø –æ–±—ä–µ–∫—Ç–∞;text\r\nkeys_rel;–ö–ª—é—á –∫–ª–∞—Å—Å–∏—Ñ–∏–∫–∞—Ç–æ—Ä–∞;–ö–ª—é—á –∫–ª–∞—Å—Å–∏—Ñ–∏–∫–∞—Ç–æ—Ä–∞;number',1,3,'map');
/*!40000 ALTER TABLE `sys_script` ENABLE KEYS */;
UNLOCK TABLES;

--
-- Table structure for table `sys_templates`
--

DROP TABLE IF EXISTS `sys_templates`;
/*!40101 SET @saved_cs_client     = @@character_set_client */;
/*!50503 SET character_set_client = utf8mb4 */;
CREATE TABLE `sys_templates` (
  `id` int NOT NULL AUTO_INCREMENT,
  `group_id` int DEFAULT NULL,
  `title` varchar(100) DEFAULT NULL,
  `active_scripts` text CHARACTER SET utf8 COLLATE utf8_general_ci,
  `passive_scripts` text,
  PRIMARY KEY (`id`),
  KEY `sys_templates_FK_1` (`group_id`),
  CONSTRAINT `sys_templates_FK` FOREIGN KEY (`group_id`) REFERENCES `owner_groups` (`id`),
  CONSTRAINT `sys_templates_FK_1` FOREIGN KEY (`group_id`) REFERENCES `owner_groups` (`id`)
) ENGINE=InnoDB AUTO_INCREMENT=29 DEFAULT CHARSET=utf8;
/*!40101 SET character_set_client = @saved_cs_client */;

--
-- Dumping data for table `sys_templates`
--

LOCK TABLES `sys_templates` WRITE;
/*!40000 ALTER TABLE `sys_templates` DISABLE KEYS */;
INSERT INTO `sys_templates` VALUES (27,1,'–Ω–æ–≤—ã–π —à–∞–±–ª–æ–Ω 1','[{\"id\": 41, \"name\": \"–ø–æ–ª—É—á–∏—Ç—å geojson\", \"variables\": {\"obj\": {\"value\": \"geometry\", \"title\": \"–¢–∏–ø –æ–±—ä–µ–∫—Ç–∞\"}, \"keys_rel\": {\"value\": \"43\", \"title\": \"–ö–ª—é—á –∫–ª–∞—Å—Å–∏—Ñ–∏–∫–∞—Ç–æ—Ä–∞\"}}, \"color\": \"#FFA500FF\"}, {\"id\": 15, \"name\": \"SCRIIIIPT\", \"variables\": {\"obj\": {\"title\": \"–¢–∏–ø –æ–±—ä–µ–∫—Ç–∞\", \"value\": \"geometry\"}, \"keys_rel\": {\"title\": \"–ö–ª—é—á –∫–ª–∞—Å—Å–∏—Ñ–∏–∫–∞—Ç–æ—Ä–∞\", \"value\": \"41\"}}, \"color\": \"#CE0A0AFF\"}]','[{\"id\": 7, \"name\": \"—Å–∫—Ä–∏–ø—Ç 1 –∏ –µ—â–µ –±–æ–ª—å—à–µ —Ç–µ–∫—Å—Ç–∞ —á—Ç–æ –±—ã –ø—Ä–æ–≤–µ—Ä–∏—Ç—å\", \"variables\": {\"sigarets\": {\"title\": \"—Å–∏–≥–∞—Ä–µ—Ç—ã\", \"value\": \"trgfe\"}, \"weapons\": {\"title\": \"–æ—Ä—É–∂–∏–µ\", \"value\": \"43\"}}, \"color\": \"#696969FF\"}]');
/*!40000 ALTER TABLE `sys_templates` ENABLE KEYS */;
UNLOCK TABLES;
/*!40103 SET TIME_ZONE=@OLD_TIME_ZONE */;

/*!40101 SET SQL_MODE=@OLD_SQL_MODE */;
/*!40014 SET FOREIGN_KEY_CHECKS=@OLD_FOREIGN_KEY_CHECKS */;
/*!40014 SET UNIQUE_CHECKS=@OLD_UNIQUE_CHECKS */;
/*!40101 SET CHARACTER_SET_CLIENT=@OLD_CHARACTER_SET_CLIENT */;
/*!40101 SET CHARACTER_SET_RESULTS=@OLD_CHARACTER_SET_RESULTS */;
/*!40101 SET COLLATION_CONNECTION=@OLD_COLLATION_CONNECTION */;
/*!40111 SET SQL_NOTES=@OLD_SQL_NOTES */;

-- Dump completed on 2021-04-29 10:19:17
